[0.106s] DEBUG:colcon:Command line arguments: ['/usr/bin/colcon', 'build', '--symlink-install']
[0.106s] DEBUG:colcon:Parsed command line arguments: Namespace(log_base=None, log_level=None, verb_name='build', build_base='build', install_base='install', merge_install=False, symlink_install=True, test_result_base=None, continue_on_error=False, executor='parallel', parallel_workers=12, event_handlers=None, ignore_user_meta=False, metas=['./colcon.meta'], base_paths=['.'], packages_ignore=None, packages_ignore_regex=None, paths=None, packages_up_to=None, packages_up_to_regex=None, packages_above=None, packages_above_and_dependencies=None, packages_above_depth=None, packages_select_by_dep=None, packages_skip_by_dep=None, packages_skip_up_to=None, packages_select_build_failed=False, packages_skip_build_finished=False, packages_select_test_failures=False, packages_skip_test_passed=False, packages_select=None, packages_skip=None, packages_select_regex=None, packages_skip_regex=None, packages_start=None, packages_end=None, allow_overriding=[], cmake_args=None, cmake_target=None, cmake_target_skip_unavailable=False, cmake_clean_cache=False, cmake_clean_first=False, cmake_force_configure=False, ament_cmake_args=None, catkin_cmake_args=None, catkin_skip_building_tests=False, mixin_files=None, mixin=None, verb_parser=<colcon_mixin.mixin.mixin_argument.MixinArgumentDecorator object at 0x7275e6782c00>, verb_extension=<colcon_core.verb.build.BuildVerb object at 0x7275e67825d0>, main=<bound method BuildVerb.main of <colcon_core.verb.build.BuildVerb object at 0x7275e67825d0>>, mixin_verb=('build',))
[0.143s] Level 1:colcon.colcon_core.package_discovery:discover_packages(colcon_meta) check parameters
[0.143s] Level 1:colcon.colcon_core.package_discovery:discover_packages(recursive) check parameters
[0.143s] Level 1:colcon.colcon_core.package_discovery:discover_packages(ignore) check parameters
[0.143s] Level 1:colcon.colcon_core.package_discovery:discover_packages(path) check parameters
[0.143s] Level 1:colcon.colcon_core.package_discovery:discover_packages(colcon_meta) discover
[0.143s] Level 1:colcon.colcon_core.package_discovery:discover_packages(recursive) discover
[0.144s] INFO:colcon.colcon_core.package_discovery:Crawling recursively for packages in '/home/ram/MRT/turtle'
[0.144s] Level 1:colcon.colcon_core.package_identification:_identify(.) by extensions ['ignore', 'ignore_ament_install']
[0.144s] Level 1:colcon.colcon_core.package_identification:_identify(.) by extension 'ignore'
[0.144s] Level 1:colcon.colcon_core.package_identification:_identify(.) by extension 'ignore_ament_install'
[0.144s] Level 1:colcon.colcon_core.package_identification:_identify(.) by extensions ['colcon_pkg']
[0.144s] Level 1:colcon.colcon_core.package_identification:_identify(.) by extension 'colcon_pkg'
[0.144s] Level 1:colcon.colcon_core.package_identification:_identify(.) by extensions ['colcon_meta']
[0.144s] Level 1:colcon.colcon_core.package_identification:_identify(.) by extension 'colcon_meta'
[0.144s] Level 1:colcon.colcon_core.package_identification:_identify(.) by extensions ['ros']
[0.144s] Level 1:colcon.colcon_core.package_identification:_identify(.) by extension 'ros'
[0.168s] Level 1:colcon.colcon_core.package_identification:_identify(.) by extensions ['cmake', 'python']
[0.168s] Level 1:colcon.colcon_core.package_identification:_identify(.) by extension 'cmake'
[0.168s] Level 1:colcon.colcon_core.package_identification:_identify(.) by extension 'python'
[0.168s] Level 1:colcon.colcon_core.package_identification:_identify(.) by extensions ['python_setup_py']
[0.168s] Level 1:colcon.colcon_core.package_identification:_identify(.) by extension 'python_setup_py'
[0.168s] Level 1:colcon.colcon_core.package_identification:_identify(build) by extensions ['ignore', 'ignore_ament_install']
[0.168s] Level 1:colcon.colcon_core.package_identification:_identify(build) by extension 'ignore'
[0.168s] Level 1:colcon.colcon_core.package_identification:_identify(build) ignored
[0.168s] Level 1:colcon.colcon_core.package_identification:_identify(install) by extensions ['ignore', 'ignore_ament_install']
[0.168s] Level 1:colcon.colcon_core.package_identification:_identify(install) by extension 'ignore'
[0.169s] Level 1:colcon.colcon_core.package_identification:_identify(install) ignored
[0.169s] Level 1:colcon.colcon_core.package_identification:_identify(log) by extensions ['ignore', 'ignore_ament_install']
[0.169s] Level 1:colcon.colcon_core.package_identification:_identify(log) by extension 'ignore'
[0.169s] Level 1:colcon.colcon_core.package_identification:_identify(log) ignored
[0.169s] Level 1:colcon.colcon_core.package_identification:_identify(src) by extensions ['ignore', 'ignore_ament_install']
[0.169s] Level 1:colcon.colcon_core.package_identification:_identify(src) by extension 'ignore'
[0.169s] Level 1:colcon.colcon_core.package_identification:_identify(src) by extension 'ignore_ament_install'
[0.169s] Level 1:colcon.colcon_core.package_identification:_identify(src) by extensions ['colcon_pkg']
[0.169s] Level 1:colcon.colcon_core.package_identification:_identify(src) by extension 'colcon_pkg'
[0.169s] Level 1:colcon.colcon_core.package_identification:_identify(src) by extensions ['colcon_meta']
[0.169s] Level 1:colcon.colcon_core.package_identification:_identify(src) by extension 'colcon_meta'
[0.169s] Level 1:colcon.colcon_core.package_identification:_identify(src) by extensions ['ros']
[0.169s] Level 1:colcon.colcon_core.package_identification:_identify(src) by extension 'ros'
[0.169s] Level 1:colcon.colcon_core.package_identification:_identify(src) by extensions ['cmake', 'python']
[0.169s] Level 1:colcon.colcon_core.package_identification:_identify(src) by extension 'cmake'
[0.169s] Level 1:colcon.colcon_core.package_identification:_identify(src) by extension 'python'
[0.169s] Level 1:colcon.colcon_core.package_identification:_identify(src) by extensions ['python_setup_py']
[0.169s] Level 1:colcon.colcon_core.package_identification:_identify(src) by extension 'python_setup_py'
[0.169s] Level 1:colcon.colcon_core.package_identification:_identify(src/turtlebot3) by extensions ['ignore', 'ignore_ament_install']
[0.169s] Level 1:colcon.colcon_core.package_identification:_identify(src/turtlebot3) by extension 'ignore'
[0.170s] Level 1:colcon.colcon_core.package_identification:_identify(src/turtlebot3) by extension 'ignore_ament_install'
[0.170s] Level 1:colcon.colcon_core.package_identification:_identify(src/turtlebot3) by extensions ['colcon_pkg']
[0.170s] Level 1:colcon.colcon_core.package_identification:_identify(src/turtlebot3) by extension 'colcon_pkg'
[0.170s] Level 1:colcon.colcon_core.package_identification:_identify(src/turtlebot3) by extensions ['colcon_meta']
[0.170s] Level 1:colcon.colcon_core.package_identification:_identify(src/turtlebot3) by extension 'colcon_meta'
[0.170s] Level 1:colcon.colcon_core.package_identification:_identify(src/turtlebot3) by extensions ['ros']
[0.170s] Level 1:colcon.colcon_core.package_identification:_identify(src/turtlebot3) by extension 'ros'
[0.170s] Level 1:colcon.colcon_core.package_identification:_identify(src/turtlebot3) by extensions ['cmake', 'python']
[0.170s] Level 1:colcon.colcon_core.package_identification:_identify(src/turtlebot3) by extension 'cmake'
[0.170s] Level 1:colcon.colcon_core.package_identification:_identify(src/turtlebot3) by extension 'python'
[0.170s] Level 1:colcon.colcon_core.package_identification:_identify(src/turtlebot3) by extensions ['python_setup_py']
[0.170s] Level 1:colcon.colcon_core.package_identification:_identify(src/turtlebot3) by extension 'python_setup_py'
[0.170s] Level 1:colcon.colcon_core.package_identification:_identify(src/turtlebot3/docker) by extensions ['ignore', 'ignore_ament_install']
[0.170s] Level 1:colcon.colcon_core.package_identification:_identify(src/turtlebot3/docker) by extension 'ignore'
[0.170s] Level 1:colcon.colcon_core.package_identification:_identify(src/turtlebot3/docker) by extension 'ignore_ament_install'
[0.170s] Level 1:colcon.colcon_core.package_identification:_identify(src/turtlebot3/docker) by extensions ['colcon_pkg']
[0.170s] Level 1:colcon.colcon_core.package_identification:_identify(src/turtlebot3/docker) by extension 'colcon_pkg'
[0.170s] Level 1:colcon.colcon_core.package_identification:_identify(src/turtlebot3/docker) by extensions ['colcon_meta']
[0.170s] Level 1:colcon.colcon_core.package_identification:_identify(src/turtlebot3/docker) by extension 'colcon_meta'
[0.170s] Level 1:colcon.colcon_core.package_identification:_identify(src/turtlebot3/docker) by extensions ['ros']
[0.170s] Level 1:colcon.colcon_core.package_identification:_identify(src/turtlebot3/docker) by extension 'ros'
[0.171s] Level 1:colcon.colcon_core.package_identification:_identify(src/turtlebot3/docker) by extensions ['cmake', 'python']
[0.171s] Level 1:colcon.colcon_core.package_identification:_identify(src/turtlebot3/docker) by extension 'cmake'
[0.171s] Level 1:colcon.colcon_core.package_identification:_identify(src/turtlebot3/docker) by extension 'python'
[0.171s] Level 1:colcon.colcon_core.package_identification:_identify(src/turtlebot3/docker) by extensions ['python_setup_py']
[0.171s] Level 1:colcon.colcon_core.package_identification:_identify(src/turtlebot3/docker) by extension 'python_setup_py'
[0.171s] Level 1:colcon.colcon_core.package_identification:_identify(src/turtlebot3/docker/humble) by extensions ['ignore', 'ignore_ament_install']
[0.171s] Level 1:colcon.colcon_core.package_identification:_identify(src/turtlebot3/docker/humble) by extension 'ignore'
[0.171s] Level 1:colcon.colcon_core.package_identification:_identify(src/turtlebot3/docker/humble) by extension 'ignore_ament_install'
[0.171s] Level 1:colcon.colcon_core.package_identification:_identify(src/turtlebot3/docker/humble) by extensions ['colcon_pkg']
[0.171s] Level 1:colcon.colcon_core.package_identification:_identify(src/turtlebot3/docker/humble) by extension 'colcon_pkg'
[0.171s] Level 1:colcon.colcon_core.package_identification:_identify(src/turtlebot3/docker/humble) by extensions ['colcon_meta']
[0.171s] Level 1:colcon.colcon_core.package_identification:_identify(src/turtlebot3/docker/humble) by extension 'colcon_meta'
[0.171s] Level 1:colcon.colcon_core.package_identification:_identify(src/turtlebot3/docker/humble) by extensions ['ros']
[0.171s] Level 1:colcon.colcon_core.package_identification:_identify(src/turtlebot3/docker/humble) by extension 'ros'
[0.171s] Level 1:colcon.colcon_core.package_identification:_identify(src/turtlebot3/docker/humble) by extensions ['cmake', 'python']
[0.171s] Level 1:colcon.colcon_core.package_identification:_identify(src/turtlebot3/docker/humble) by extension 'cmake'
[0.171s] Level 1:colcon.colcon_core.package_identification:_identify(src/turtlebot3/docker/humble) by extension 'python'
[0.171s] Level 1:colcon.colcon_core.package_identification:_identify(src/turtlebot3/docker/humble) by extensions ['python_setup_py']
[0.171s] Level 1:colcon.colcon_core.package_identification:_identify(src/turtlebot3/docker/humble) by extension 'python_setup_py'
[0.171s] Level 1:colcon.colcon_core.package_identification:_identify(src/turtlebot3/docker/jazzy) by extensions ['ignore', 'ignore_ament_install']
[0.171s] Level 1:colcon.colcon_core.package_identification:_identify(src/turtlebot3/docker/jazzy) by extension 'ignore'
[0.171s] Level 1:colcon.colcon_core.package_identification:_identify(src/turtlebot3/docker/jazzy) by extension 'ignore_ament_install'
[0.172s] Level 1:colcon.colcon_core.package_identification:_identify(src/turtlebot3/docker/jazzy) by extensions ['colcon_pkg']
[0.172s] Level 1:colcon.colcon_core.package_identification:_identify(src/turtlebot3/docker/jazzy) by extension 'colcon_pkg'
[0.172s] Level 1:colcon.colcon_core.package_identification:_identify(src/turtlebot3/docker/jazzy) by extensions ['colcon_meta']
[0.172s] Level 1:colcon.colcon_core.package_identification:_identify(src/turtlebot3/docker/jazzy) by extension 'colcon_meta'
[0.172s] Level 1:colcon.colcon_core.package_identification:_identify(src/turtlebot3/docker/jazzy) by extensions ['ros']
[0.172s] Level 1:colcon.colcon_core.package_identification:_identify(src/turtlebot3/docker/jazzy) by extension 'ros'
[0.172s] Level 1:colcon.colcon_core.package_identification:_identify(src/turtlebot3/docker/jazzy) by extensions ['cmake', 'python']
[0.172s] Level 1:colcon.colcon_core.package_identification:_identify(src/turtlebot3/docker/jazzy) by extension 'cmake'
[0.172s] Level 1:colcon.colcon_core.package_identification:_identify(src/turtlebot3/docker/jazzy) by extension 'python'
[0.172s] Level 1:colcon.colcon_core.package_identification:_identify(src/turtlebot3/docker/jazzy) by extensions ['python_setup_py']
[0.172s] Level 1:colcon.colcon_core.package_identification:_identify(src/turtlebot3/docker/jazzy) by extension 'python_setup_py'
[0.172s] Level 1:colcon.colcon_core.package_identification:_identify(src/turtlebot3/turtlebot3) by extensions ['ignore', 'ignore_ament_install']
[0.172s] Level 1:colcon.colcon_core.package_identification:_identify(src/turtlebot3/turtlebot3) by extension 'ignore'
[0.172s] Level 1:colcon.colcon_core.package_identification:_identify(src/turtlebot3/turtlebot3) by extension 'ignore_ament_install'
[0.172s] Level 1:colcon.colcon_core.package_identification:_identify(src/turtlebot3/turtlebot3) by extensions ['colcon_pkg']
[0.172s] Level 1:colcon.colcon_core.package_identification:_identify(src/turtlebot3/turtlebot3) by extension 'colcon_pkg'
[0.172s] Level 1:colcon.colcon_core.package_identification:_identify(src/turtlebot3/turtlebot3) by extensions ['colcon_meta']
[0.172s] Level 1:colcon.colcon_core.package_identification:_identify(src/turtlebot3/turtlebot3) by extension 'colcon_meta'
[0.172s] Level 1:colcon.colcon_core.package_identification:_identify(src/turtlebot3/turtlebot3) by extensions ['ros']
[0.172s] Level 1:colcon.colcon_core.package_identification:_identify(src/turtlebot3/turtlebot3) by extension 'ros'
[0.175s] DEBUG:colcon.colcon_core.package_identification:Package 'src/turtlebot3/turtlebot3' with type 'ros.ament_cmake' and name 'turtlebot3'
[0.175s] Level 1:colcon.colcon_core.package_identification:_identify(src/turtlebot3/turtlebot3_bringup) by extensions ['ignore', 'ignore_ament_install']
[0.175s] Level 1:colcon.colcon_core.package_identification:_identify(src/turtlebot3/turtlebot3_bringup) by extension 'ignore'
[0.175s] Level 1:colcon.colcon_core.package_identification:_identify(src/turtlebot3/turtlebot3_bringup) by extension 'ignore_ament_install'
[0.175s] Level 1:colcon.colcon_core.package_identification:_identify(src/turtlebot3/turtlebot3_bringup) by extensions ['colcon_pkg']
[0.175s] Level 1:colcon.colcon_core.package_identification:_identify(src/turtlebot3/turtlebot3_bringup) by extension 'colcon_pkg'
[0.175s] Level 1:colcon.colcon_core.package_identification:_identify(src/turtlebot3/turtlebot3_bringup) by extensions ['colcon_meta']
[0.175s] Level 1:colcon.colcon_core.package_identification:_identify(src/turtlebot3/turtlebot3_bringup) by extension 'colcon_meta'
[0.175s] Level 1:colcon.colcon_core.package_identification:_identify(src/turtlebot3/turtlebot3_bringup) by extensions ['ros']
[0.175s] Level 1:colcon.colcon_core.package_identification:_identify(src/turtlebot3/turtlebot3_bringup) by extension 'ros'
[0.176s] DEBUG:colcon.colcon_core.package_identification:Package 'src/turtlebot3/turtlebot3_bringup' with type 'ros.ament_cmake' and name 'turtlebot3_bringup'
[0.176s] Level 1:colcon.colcon_core.package_identification:_identify(src/turtlebot3/turtlebot3_cartographer) by extensions ['ignore', 'ignore_ament_install']
[0.176s] Level 1:colcon.colcon_core.package_identification:_identify(src/turtlebot3/turtlebot3_cartographer) by extension 'ignore'
[0.176s] Level 1:colcon.colcon_core.package_identification:_identify(src/turtlebot3/turtlebot3_cartographer) by extension 'ignore_ament_install'
[0.176s] Level 1:colcon.colcon_core.package_identification:_identify(src/turtlebot3/turtlebot3_cartographer) by extensions ['colcon_pkg']
[0.176s] Level 1:colcon.colcon_core.package_identification:_identify(src/turtlebot3/turtlebot3_cartographer) by extension 'colcon_pkg'
[0.176s] Level 1:colcon.colcon_core.package_identification:_identify(src/turtlebot3/turtlebot3_cartographer) by extensions ['colcon_meta']
[0.176s] Level 1:colcon.colcon_core.package_identification:_identify(src/turtlebot3/turtlebot3_cartographer) by extension 'colcon_meta'
[0.176s] Level 1:colcon.colcon_core.package_identification:_identify(src/turtlebot3/turtlebot3_cartographer) by extensions ['ros']
[0.176s] Level 1:colcon.colcon_core.package_identification:_identify(src/turtlebot3/turtlebot3_cartographer) by extension 'ros'
[0.176s] DEBUG:colcon.colcon_core.package_identification:Package 'src/turtlebot3/turtlebot3_cartographer' with type 'ros.ament_cmake' and name 'turtlebot3_cartographer'
[0.177s] Level 1:colcon.colcon_core.package_identification:_identify(src/turtlebot3/turtlebot3_description) by extensions ['ignore', 'ignore_ament_install']
[0.177s] Level 1:colcon.colcon_core.package_identification:_identify(src/turtlebot3/turtlebot3_description) by extension 'ignore'
[0.177s] Level 1:colcon.colcon_core.package_identification:_identify(src/turtlebot3/turtlebot3_description) by extension 'ignore_ament_install'
[0.177s] Level 1:colcon.colcon_core.package_identification:_identify(src/turtlebot3/turtlebot3_description) by extensions ['colcon_pkg']
[0.177s] Level 1:colcon.colcon_core.package_identification:_identify(src/turtlebot3/turtlebot3_description) by extension 'colcon_pkg'
[0.177s] Level 1:colcon.colcon_core.package_identification:_identify(src/turtlebot3/turtlebot3_description) by extensions ['colcon_meta']
[0.177s] Level 1:colcon.colcon_core.package_identification:_identify(src/turtlebot3/turtlebot3_description) by extension 'colcon_meta'
[0.177s] Level 1:colcon.colcon_core.package_identification:_identify(src/turtlebot3/turtlebot3_description) by extensions ['ros']
[0.177s] Level 1:colcon.colcon_core.package_identification:_identify(src/turtlebot3/turtlebot3_description) by extension 'ros'
[0.177s] DEBUG:colcon.colcon_core.package_identification:Package 'src/turtlebot3/turtlebot3_description' with type 'ros.ament_cmake' and name 'turtlebot3_description'
[0.177s] Level 1:colcon.colcon_core.package_identification:_identify(src/turtlebot3/turtlebot3_example) by extensions ['ignore', 'ignore_ament_install']
[0.178s] Level 1:colcon.colcon_core.package_identification:_identify(src/turtlebot3/turtlebot3_example) by extension 'ignore'
[0.178s] Level 1:colcon.colcon_core.package_identification:_identify(src/turtlebot3/turtlebot3_example) by extension 'ignore_ament_install'
[0.178s] Level 1:colcon.colcon_core.package_identification:_identify(src/turtlebot3/turtlebot3_example) by extensions ['colcon_pkg']
[0.178s] Level 1:colcon.colcon_core.package_identification:_identify(src/turtlebot3/turtlebot3_example) by extension 'colcon_pkg'
[0.178s] Level 1:colcon.colcon_core.package_identification:_identify(src/turtlebot3/turtlebot3_example) by extensions ['colcon_meta']
[0.178s] Level 1:colcon.colcon_core.package_identification:_identify(src/turtlebot3/turtlebot3_example) by extension 'colcon_meta'
[0.178s] Level 1:colcon.colcon_core.package_identification:_identify(src/turtlebot3/turtlebot3_example) by extensions ['ros']
[0.178s] Level 1:colcon.colcon_core.package_identification:_identify(src/turtlebot3/turtlebot3_example) by extension 'ros'
[0.179s] DEBUG:colcon.colcon_core.package_identification:Package 'src/turtlebot3/turtlebot3_example' with type 'ros.ament_python' and name 'turtlebot3_example'
[0.179s] Level 1:colcon.colcon_core.package_identification:_identify(src/turtlebot3/turtlebot3_navigation2) by extensions ['ignore', 'ignore_ament_install']
[0.179s] Level 1:colcon.colcon_core.package_identification:_identify(src/turtlebot3/turtlebot3_navigation2) by extension 'ignore'
[0.179s] Level 1:colcon.colcon_core.package_identification:_identify(src/turtlebot3/turtlebot3_navigation2) by extension 'ignore_ament_install'
[0.179s] Level 1:colcon.colcon_core.package_identification:_identify(src/turtlebot3/turtlebot3_navigation2) by extensions ['colcon_pkg']
[0.179s] Level 1:colcon.colcon_core.package_identification:_identify(src/turtlebot3/turtlebot3_navigation2) by extension 'colcon_pkg'
[0.179s] Level 1:colcon.colcon_core.package_identification:_identify(src/turtlebot3/turtlebot3_navigation2) by extensions ['colcon_meta']
[0.179s] Level 1:colcon.colcon_core.package_identification:_identify(src/turtlebot3/turtlebot3_navigation2) by extension 'colcon_meta'
[0.179s] Level 1:colcon.colcon_core.package_identification:_identify(src/turtlebot3/turtlebot3_navigation2) by extensions ['ros']
[0.179s] Level 1:colcon.colcon_core.package_identification:_identify(src/turtlebot3/turtlebot3_navigation2) by extension 'ros'
[0.179s] DEBUG:colcon.colcon_core.package_identification:Package 'src/turtlebot3/turtlebot3_navigation2' with type 'ros.ament_cmake' and name 'turtlebot3_navigation2'
[0.180s] Level 1:colcon.colcon_core.package_identification:_identify(src/turtlebot3/turtlebot3_node) by extensions ['ignore', 'ignore_ament_install']
[0.180s] Level 1:colcon.colcon_core.package_identification:_identify(src/turtlebot3/turtlebot3_node) by extension 'ignore'
[0.180s] Level 1:colcon.colcon_core.package_identification:_identify(src/turtlebot3/turtlebot3_node) by extension 'ignore_ament_install'
[0.180s] Level 1:colcon.colcon_core.package_identification:_identify(src/turtlebot3/turtlebot3_node) by extensions ['colcon_pkg']
[0.180s] Level 1:colcon.colcon_core.package_identification:_identify(src/turtlebot3/turtlebot3_node) by extension 'colcon_pkg'
[0.180s] Level 1:colcon.colcon_core.package_identification:_identify(src/turtlebot3/turtlebot3_node) by extensions ['colcon_meta']
[0.180s] Level 1:colcon.colcon_core.package_identification:_identify(src/turtlebot3/turtlebot3_node) by extension 'colcon_meta'
[0.180s] Level 1:colcon.colcon_core.package_identification:_identify(src/turtlebot3/turtlebot3_node) by extensions ['ros']
[0.180s] Level 1:colcon.colcon_core.package_identification:_identify(src/turtlebot3/turtlebot3_node) by extension 'ros'
[0.181s] DEBUG:colcon.colcon_core.package_identification:Package 'src/turtlebot3/turtlebot3_node' with type 'ros.ament_cmake' and name 'turtlebot3_node'
[0.181s] Level 1:colcon.colcon_core.package_identification:_identify(src/turtlebot3/turtlebot3_slam_mrt) by extensions ['ignore', 'ignore_ament_install']
[0.181s] Level 1:colcon.colcon_core.package_identification:_identify(src/turtlebot3/turtlebot3_slam_mrt) by extension 'ignore'
[0.181s] Level 1:colcon.colcon_core.package_identification:_identify(src/turtlebot3/turtlebot3_slam_mrt) by extension 'ignore_ament_install'
[0.181s] Level 1:colcon.colcon_core.package_identification:_identify(src/turtlebot3/turtlebot3_slam_mrt) by extensions ['colcon_pkg']
[0.181s] Level 1:colcon.colcon_core.package_identification:_identify(src/turtlebot3/turtlebot3_slam_mrt) by extension 'colcon_pkg'
[0.181s] Level 1:colcon.colcon_core.package_identification:_identify(src/turtlebot3/turtlebot3_slam_mrt) by extensions ['colcon_meta']
[0.181s] Level 1:colcon.colcon_core.package_identification:_identify(src/turtlebot3/turtlebot3_slam_mrt) by extension 'colcon_meta'
[0.181s] Level 1:colcon.colcon_core.package_identification:_identify(src/turtlebot3/turtlebot3_slam_mrt) by extensions ['ros']
[0.181s] Level 1:colcon.colcon_core.package_identification:_identify(src/turtlebot3/turtlebot3_slam_mrt) by extension 'ros'
[0.182s] DEBUG:colcon.colcon_core.package_identification:Package 'src/turtlebot3/turtlebot3_slam_mrt' with type 'ros.ament_python' and name 'turtlebot3_slam_mrt'
[0.182s] Level 1:colcon.colcon_core.package_identification:_identify(src/turtlebot3/turtlebot3_teleop) by extensions ['ignore', 'ignore_ament_install']
[0.182s] Level 1:colcon.colcon_core.package_identification:_identify(src/turtlebot3/turtlebot3_teleop) by extension 'ignore'
[0.182s] Level 1:colcon.colcon_core.package_identification:_identify(src/turtlebot3/turtlebot3_teleop) by extension 'ignore_ament_install'
[0.182s] Level 1:colcon.colcon_core.package_identification:_identify(src/turtlebot3/turtlebot3_teleop) by extensions ['colcon_pkg']
[0.182s] Level 1:colcon.colcon_core.package_identification:_identify(src/turtlebot3/turtlebot3_teleop) by extension 'colcon_pkg'
[0.182s] Level 1:colcon.colcon_core.package_identification:_identify(src/turtlebot3/turtlebot3_teleop) by extensions ['colcon_meta']
[0.182s] Level 1:colcon.colcon_core.package_identification:_identify(src/turtlebot3/turtlebot3_teleop) by extension 'colcon_meta'
[0.182s] Level 1:colcon.colcon_core.package_identification:_identify(src/turtlebot3/turtlebot3_teleop) by extensions ['ros']
[0.182s] Level 1:colcon.colcon_core.package_identification:_identify(src/turtlebot3/turtlebot3_teleop) by extension 'ros'
[0.183s] DEBUG:colcon.colcon_core.package_identification:Package 'src/turtlebot3/turtlebot3_teleop' with type 'ros.ament_python' and name 'turtlebot3_teleop'
[0.183s] Level 1:colcon.colcon_core.package_identification:_identify(src/turtlebot3_simulations) by extensions ['ignore', 'ignore_ament_install']
[0.183s] Level 1:colcon.colcon_core.package_identification:_identify(src/turtlebot3_simulations) by extension 'ignore'
[0.183s] Level 1:colcon.colcon_core.package_identification:_identify(src/turtlebot3_simulations) by extension 'ignore_ament_install'
[0.183s] Level 1:colcon.colcon_core.package_identification:_identify(src/turtlebot3_simulations) by extensions ['colcon_pkg']
[0.183s] Level 1:colcon.colcon_core.package_identification:_identify(src/turtlebot3_simulations) by extension 'colcon_pkg'
[0.183s] Level 1:colcon.colcon_core.package_identification:_identify(src/turtlebot3_simulations) by extensions ['colcon_meta']
[0.183s] Level 1:colcon.colcon_core.package_identification:_identify(src/turtlebot3_simulations) by extension 'colcon_meta'
[0.183s] Level 1:colcon.colcon_core.package_identification:_identify(src/turtlebot3_simulations) by extensions ['ros']
[0.183s] Level 1:colcon.colcon_core.package_identification:_identify(src/turtlebot3_simulations) by extension 'ros'
[0.183s] Level 1:colcon.colcon_core.package_identification:_identify(src/turtlebot3_simulations) by extensions ['cmake', 'python']
[0.183s] Level 1:colcon.colcon_core.package_identification:_identify(src/turtlebot3_simulations) by extension 'cmake'
[0.183s] Level 1:colcon.colcon_core.package_identification:_identify(src/turtlebot3_simulations) by extension 'python'
[0.183s] Level 1:colcon.colcon_core.package_identification:_identify(src/turtlebot3_simulations) by extensions ['python_setup_py']
[0.183s] Level 1:colcon.colcon_core.package_identification:_identify(src/turtlebot3_simulations) by extension 'python_setup_py'
[0.184s] Level 1:colcon.colcon_core.package_identification:_identify(src/turtlebot3_simulations/turtlebot3_fake_node) by extensions ['ignore', 'ignore_ament_install']
[0.184s] Level 1:colcon.colcon_core.package_identification:_identify(src/turtlebot3_simulations/turtlebot3_fake_node) by extension 'ignore'
[0.184s] Level 1:colcon.colcon_core.package_identification:_identify(src/turtlebot3_simulations/turtlebot3_fake_node) by extension 'ignore_ament_install'
[0.184s] Level 1:colcon.colcon_core.package_identification:_identify(src/turtlebot3_simulations/turtlebot3_fake_node) by extensions ['colcon_pkg']
[0.184s] Level 1:colcon.colcon_core.package_identification:_identify(src/turtlebot3_simulations/turtlebot3_fake_node) by extension 'colcon_pkg'
[0.184s] Level 1:colcon.colcon_core.package_identification:_identify(src/turtlebot3_simulations/turtlebot3_fake_node) by extensions ['colcon_meta']
[0.184s] Level 1:colcon.colcon_core.package_identification:_identify(src/turtlebot3_simulations/turtlebot3_fake_node) by extension 'colcon_meta'
[0.184s] Level 1:colcon.colcon_core.package_identification:_identify(src/turtlebot3_simulations/turtlebot3_fake_node) by extensions ['ros']
[0.184s] Level 1:colcon.colcon_core.package_identification:_identify(src/turtlebot3_simulations/turtlebot3_fake_node) by extension 'ros'
[0.185s] DEBUG:colcon.colcon_core.package_identification:Package 'src/turtlebot3_simulations/turtlebot3_fake_node' with type 'ros.ament_cmake' and name 'turtlebot3_fake_node'
[0.185s] Level 1:colcon.colcon_core.package_identification:_identify(src/turtlebot3_simulations/turtlebot3_gazebo) by extensions ['ignore', 'ignore_ament_install']
[0.185s] Level 1:colcon.colcon_core.package_identification:_identify(src/turtlebot3_simulations/turtlebot3_gazebo) by extension 'ignore'
[0.185s] Level 1:colcon.colcon_core.package_identification:_identify(src/turtlebot3_simulations/turtlebot3_gazebo) by extension 'ignore_ament_install'
[0.185s] Level 1:colcon.colcon_core.package_identification:_identify(src/turtlebot3_simulations/turtlebot3_gazebo) by extensions ['colcon_pkg']
[0.185s] Level 1:colcon.colcon_core.package_identification:_identify(src/turtlebot3_simulations/turtlebot3_gazebo) by extension 'colcon_pkg'
[0.185s] Level 1:colcon.colcon_core.package_identification:_identify(src/turtlebot3_simulations/turtlebot3_gazebo) by extensions ['colcon_meta']
[0.185s] Level 1:colcon.colcon_core.package_identification:_identify(src/turtlebot3_simulations/turtlebot3_gazebo) by extension 'colcon_meta'
[0.185s] Level 1:colcon.colcon_core.package_identification:_identify(src/turtlebot3_simulations/turtlebot3_gazebo) by extensions ['ros']
[0.185s] Level 1:colcon.colcon_core.package_identification:_identify(src/turtlebot3_simulations/turtlebot3_gazebo) by extension 'ros'
[0.186s] DEBUG:colcon.colcon_core.package_identification:Package 'src/turtlebot3_simulations/turtlebot3_gazebo' with type 'ros.ament_cmake' and name 'turtlebot3_gazebo'
[0.186s] Level 1:colcon.colcon_core.package_identification:_identify(src/turtlebot3_simulations/turtlebot3_simulations) by extensions ['ignore', 'ignore_ament_install']
[0.186s] Level 1:colcon.colcon_core.package_identification:_identify(src/turtlebot3_simulations/turtlebot3_simulations) by extension 'ignore'
[0.186s] Level 1:colcon.colcon_core.package_identification:_identify(src/turtlebot3_simulations/turtlebot3_simulations) by extension 'ignore_ament_install'
[0.187s] Level 1:colcon.colcon_core.package_identification:_identify(src/turtlebot3_simulations/turtlebot3_simulations) by extensions ['colcon_pkg']
[0.187s] Level 1:colcon.colcon_core.package_identification:_identify(src/turtlebot3_simulations/turtlebot3_simulations) by extension 'colcon_pkg'
[0.187s] Level 1:colcon.colcon_core.package_identification:_identify(src/turtlebot3_simulations/turtlebot3_simulations) by extensions ['colcon_meta']
[0.187s] Level 1:colcon.colcon_core.package_identification:_identify(src/turtlebot3_simulations/turtlebot3_simulations) by extension 'colcon_meta'
[0.187s] Level 1:colcon.colcon_core.package_identification:_identify(src/turtlebot3_simulations/turtlebot3_simulations) by extensions ['ros']
[0.187s] Level 1:colcon.colcon_core.package_identification:_identify(src/turtlebot3_simulations/turtlebot3_simulations) by extension 'ros'
[0.187s] DEBUG:colcon.colcon_core.package_identification:Package 'src/turtlebot3_simulations/turtlebot3_simulations' with type 'ros.ament_cmake' and name 'turtlebot3_simulations'
[0.187s] Level 1:colcon.colcon_core.package_discovery:discover_packages(recursive) using defaults
[0.187s] Level 1:colcon.colcon_core.package_discovery:discover_packages(ignore) discover
[0.187s] Level 1:colcon.colcon_core.package_discovery:discover_packages(ignore) using defaults
[0.187s] Level 1:colcon.colcon_core.package_discovery:discover_packages(path) discover
[0.187s] Level 1:colcon.colcon_core.package_discovery:discover_packages(path) using defaults
[0.207s] Level 1:colcon.colcon_core.package_discovery:discover_packages(prefix_path) check parameters
[0.207s] Level 1:colcon.colcon_core.package_discovery:discover_packages(prefix_path) discover
[0.208s] WARNING:colcon.colcon_ros.prefix_path.ament:The path '/home/ram/MRT/turtle/install/turtlebot3' in the environment variable AMENT_PREFIX_PATH doesn't exist
[0.208s] WARNING:colcon.colcon_ros.prefix_path.ament:The path '/home/ram/MRT/turtle/install/turtlebot3_teleop' in the environment variable AMENT_PREFIX_PATH doesn't exist
[0.208s] WARNING:colcon.colcon_ros.prefix_path.ament:The path '/home/ram/MRT/turtle/install/turtlebot3_simulations' in the environment variable AMENT_PREFIX_PATH doesn't exist
[0.208s] WARNING:colcon.colcon_ros.prefix_path.ament:The path '/home/ram/MRT/turtle/install/turtlebot3_gazebo' in the environment variable AMENT_PREFIX_PATH doesn't exist
[0.208s] WARNING:colcon.colcon_ros.prefix_path.ament:The path '/home/ram/MRT/turtle/install/turtlebot3_slam_mrt' in the environment variable AMENT_PREFIX_PATH doesn't exist
[0.208s] WARNING:colcon.colcon_ros.prefix_path.ament:The path '/home/ram/MRT/turtle/install/turtlebot3_bringup' in the environment variable AMENT_PREFIX_PATH doesn't exist
[0.208s] WARNING:colcon.colcon_ros.prefix_path.ament:The path '/home/ram/MRT/turtle/install/turtlebot3_node' in the environment variable AMENT_PREFIX_PATH doesn't exist
[0.208s] WARNING:colcon.colcon_ros.prefix_path.ament:The path '/home/ram/MRT/turtle/install/turtlebot3_navigation2' in the environment variable AMENT_PREFIX_PATH doesn't exist
[0.208s] WARNING:colcon.colcon_ros.prefix_path.ament:The path '/home/ram/MRT/turtle/install/turtlebot3_fake_node' in the environment variable AMENT_PREFIX_PATH doesn't exist
[0.208s] WARNING:colcon.colcon_ros.prefix_path.ament:The path '/home/ram/MRT/turtle/install/turtlebot3_example' in the environment variable AMENT_PREFIX_PATH doesn't exist
[0.208s] WARNING:colcon.colcon_ros.prefix_path.ament:The path '/home/ram/MRT/turtle/install/turtlebot3_description' in the environment variable AMENT_PREFIX_PATH doesn't exist
[0.208s] WARNING:colcon.colcon_ros.prefix_path.ament:The path '/home/ram/MRT/turtle/install/turtlebot3_cartographer' in the environment variable AMENT_PREFIX_PATH doesn't exist
[0.208s] WARNING:colcon.colcon_ros.prefix_path.catkin:The path '/home/ram/MRT/turtle/install/turtlebot3' in the environment variable CMAKE_PREFIX_PATH doesn't exist
[0.208s] WARNING:colcon.colcon_ros.prefix_path.catkin:The path '/home/ram/MRT/turtle/install/turtlebot3_simulations' in the environment variable CMAKE_PREFIX_PATH doesn't exist
[0.208s] WARNING:colcon.colcon_ros.prefix_path.catkin:The path '/home/ram/MRT/turtle/install/turtlebot3_gazebo' in the environment variable CMAKE_PREFIX_PATH doesn't exist
[0.208s] WARNING:colcon.colcon_ros.prefix_path.catkin:The path '/home/ram/MRT/turtle/install/turtlebot3_bringup' in the environment variable CMAKE_PREFIX_PATH doesn't exist
[0.208s] WARNING:colcon.colcon_ros.prefix_path.catkin:The path '/home/ram/MRT/turtle/install/turtlebot3_node' in the environment variable CMAKE_PREFIX_PATH doesn't exist
[0.208s] WARNING:colcon.colcon_ros.prefix_path.catkin:The path '/home/ram/MRT/turtle/install/turtlebot3_navigation2' in the environment variable CMAKE_PREFIX_PATH doesn't exist
[0.208s] WARNING:colcon.colcon_ros.prefix_path.catkin:The path '/home/ram/MRT/turtle/install/turtlebot3_fake_node' in the environment variable CMAKE_PREFIX_PATH doesn't exist
[0.208s] WARNING:colcon.colcon_ros.prefix_path.catkin:The path '/home/ram/MRT/turtle/install/turtlebot3_description' in the environment variable CMAKE_PREFIX_PATH doesn't exist
[0.209s] WARNING:colcon.colcon_ros.prefix_path.catkin:The path '/home/ram/MRT/turtle/install/turtlebot3_cartographer' in the environment variable CMAKE_PREFIX_PATH doesn't exist
[0.209s] DEBUG:colcon.colcon_installed_package_information.package_discovery:Found 0 installed packages in /home/ram/MRT/turtle/install
[0.211s] DEBUG:colcon.colcon_installed_package_information.package_discovery:Found 414 installed packages in /opt/ros/jazzy
[0.212s] Level 1:colcon.colcon_core.package_discovery:discover_packages(prefix_path) using defaults
[0.266s] Level 5:colcon.colcon_core.verb:set package 'turtlebot3_cartographer' build argument 'cmake_args' from command line to 'None'
[0.266s] Level 5:colcon.colcon_core.verb:set package 'turtlebot3_cartographer' build argument 'cmake_target' from command line to 'None'
[0.266s] Level 5:colcon.colcon_core.verb:set package 'turtlebot3_cartographer' build argument 'cmake_target_skip_unavailable' from command line to 'False'
[0.266s] Level 5:colcon.colcon_core.verb:set package 'turtlebot3_cartographer' build argument 'cmake_clean_cache' from command line to 'False'
[0.266s] Level 5:colcon.colcon_core.verb:set package 'turtlebot3_cartographer' build argument 'cmake_clean_first' from command line to 'False'
[0.266s] Level 5:colcon.colcon_core.verb:set package 'turtlebot3_cartographer' build argument 'cmake_force_configure' from command line to 'False'
[0.266s] Level 5:colcon.colcon_core.verb:set package 'turtlebot3_cartographer' build argument 'ament_cmake_args' from command line to 'None'
[0.266s] Level 5:colcon.colcon_core.verb:set package 'turtlebot3_cartographer' build argument 'catkin_cmake_args' from command line to 'None'
[0.266s] Level 5:colcon.colcon_core.verb:set package 'turtlebot3_cartographer' build argument 'catkin_skip_building_tests' from command line to 'False'
[0.266s] DEBUG:colcon.colcon_core.verb:Building package 'turtlebot3_cartographer' with the following arguments: {'ament_cmake_args': None, 'build_base': '/home/ram/MRT/turtle/build/turtlebot3_cartographer', 'catkin_cmake_args': None, 'catkin_skip_building_tests': False, 'cmake_args': None, 'cmake_clean_cache': False, 'cmake_clean_first': False, 'cmake_force_configure': False, 'cmake_target': None, 'cmake_target_skip_unavailable': False, 'install_base': '/home/ram/MRT/turtle/install/turtlebot3_cartographer', 'merge_install': False, 'path': '/home/ram/MRT/turtle/src/turtlebot3/turtlebot3_cartographer', 'symlink_install': True, 'test_result_base': None}
[0.266s] Level 5:colcon.colcon_core.verb:set package 'turtlebot3_description' build argument 'cmake_args' from command line to 'None'
[0.266s] Level 5:colcon.colcon_core.verb:set package 'turtlebot3_description' build argument 'cmake_target' from command line to 'None'
[0.266s] Level 5:colcon.colcon_core.verb:set package 'turtlebot3_description' build argument 'cmake_target_skip_unavailable' from command line to 'False'
[0.266s] Level 5:colcon.colcon_core.verb:set package 'turtlebot3_description' build argument 'cmake_clean_cache' from command line to 'False'
[0.266s] Level 5:colcon.colcon_core.verb:set package 'turtlebot3_description' build argument 'cmake_clean_first' from command line to 'False'
[0.266s] Level 5:colcon.colcon_core.verb:set package 'turtlebot3_description' build argument 'cmake_force_configure' from command line to 'False'
[0.266s] Level 5:colcon.colcon_core.verb:set package 'turtlebot3_description' build argument 'ament_cmake_args' from command line to 'None'
[0.266s] Level 5:colcon.colcon_core.verb:set package 'turtlebot3_description' build argument 'catkin_cmake_args' from command line to 'None'
[0.266s] Level 5:colcon.colcon_core.verb:set package 'turtlebot3_description' build argument 'catkin_skip_building_tests' from command line to 'False'
[0.267s] DEBUG:colcon.colcon_core.verb:Building package 'turtlebot3_description' with the following arguments: {'ament_cmake_args': None, 'build_base': '/home/ram/MRT/turtle/build/turtlebot3_description', 'catkin_cmake_args': None, 'catkin_skip_building_tests': False, 'cmake_args': None, 'cmake_clean_cache': False, 'cmake_clean_first': False, 'cmake_force_configure': False, 'cmake_target': None, 'cmake_target_skip_unavailable': False, 'install_base': '/home/ram/MRT/turtle/install/turtlebot3_description', 'merge_install': False, 'path': '/home/ram/MRT/turtle/src/turtlebot3/turtlebot3_description', 'symlink_install': True, 'test_result_base': None}
[0.267s] Level 5:colcon.colcon_core.verb:set package 'turtlebot3_example' build argument 'cmake_args' from command line to 'None'
[0.267s] Level 5:colcon.colcon_core.verb:set package 'turtlebot3_example' build argument 'cmake_target' from command line to 'None'
[0.267s] Level 5:colcon.colcon_core.verb:set package 'turtlebot3_example' build argument 'cmake_target_skip_unavailable' from command line to 'False'
[0.267s] Level 5:colcon.colcon_core.verb:set package 'turtlebot3_example' build argument 'cmake_clean_cache' from command line to 'False'
[0.267s] Level 5:colcon.colcon_core.verb:set package 'turtlebot3_example' build argument 'cmake_clean_first' from command line to 'False'
[0.267s] Level 5:colcon.colcon_core.verb:set package 'turtlebot3_example' build argument 'cmake_force_configure' from command line to 'False'
[0.267s] Level 5:colcon.colcon_core.verb:set package 'turtlebot3_example' build argument 'ament_cmake_args' from command line to 'None'
[0.267s] Level 5:colcon.colcon_core.verb:set package 'turtlebot3_example' build argument 'catkin_cmake_args' from command line to 'None'
[0.267s] Level 5:colcon.colcon_core.verb:set package 'turtlebot3_example' build argument 'catkin_skip_building_tests' from command line to 'False'
[0.267s] DEBUG:colcon.colcon_core.verb:Building package 'turtlebot3_example' with the following arguments: {'ament_cmake_args': None, 'build_base': '/home/ram/MRT/turtle/build/turtlebot3_example', 'catkin_cmake_args': None, 'catkin_skip_building_tests': False, 'cmake_args': None, 'cmake_clean_cache': False, 'cmake_clean_first': False, 'cmake_force_configure': False, 'cmake_target': None, 'cmake_target_skip_unavailable': False, 'install_base': '/home/ram/MRT/turtle/install/turtlebot3_example', 'merge_install': False, 'path': '/home/ram/MRT/turtle/src/turtlebot3/turtlebot3_example', 'symlink_install': True, 'test_result_base': None}
[0.267s] Level 5:colcon.colcon_core.verb:set package 'turtlebot3_fake_node' build argument 'cmake_args' from command line to 'None'
[0.267s] Level 5:colcon.colcon_core.verb:set package 'turtlebot3_fake_node' build argument 'cmake_target' from command line to 'None'
[0.267s] Level 5:colcon.colcon_core.verb:set package 'turtlebot3_fake_node' build argument 'cmake_target_skip_unavailable' from command line to 'False'
[0.267s] Level 5:colcon.colcon_core.verb:set package 'turtlebot3_fake_node' build argument 'cmake_clean_cache' from command line to 'False'
[0.267s] Level 5:colcon.colcon_core.verb:set package 'turtlebot3_fake_node' build argument 'cmake_clean_first' from command line to 'False'
[0.267s] Level 5:colcon.colcon_core.verb:set package 'turtlebot3_fake_node' build argument 'cmake_force_configure' from command line to 'False'
[0.267s] Level 5:colcon.colcon_core.verb:set package 'turtlebot3_fake_node' build argument 'ament_cmake_args' from command line to 'None'
[0.267s] Level 5:colcon.colcon_core.verb:set package 'turtlebot3_fake_node' build argument 'catkin_cmake_args' from command line to 'None'
[0.267s] Level 5:colcon.colcon_core.verb:set package 'turtlebot3_fake_node' build argument 'catkin_skip_building_tests' from command line to 'False'
[0.267s] DEBUG:colcon.colcon_core.verb:Building package 'turtlebot3_fake_node' with the following arguments: {'ament_cmake_args': None, 'build_base': '/home/ram/MRT/turtle/build/turtlebot3_fake_node', 'catkin_cmake_args': None, 'catkin_skip_building_tests': False, 'cmake_args': None, 'cmake_clean_cache': False, 'cmake_clean_first': False, 'cmake_force_configure': False, 'cmake_target': None, 'cmake_target_skip_unavailable': False, 'install_base': '/home/ram/MRT/turtle/install/turtlebot3_fake_node', 'merge_install': False, 'path': '/home/ram/MRT/turtle/src/turtlebot3_simulations/turtlebot3_fake_node', 'symlink_install': True, 'test_result_base': None}
[0.268s] Level 5:colcon.colcon_core.verb:set package 'turtlebot3_navigation2' build argument 'cmake_args' from command line to 'None'
[0.268s] Level 5:colcon.colcon_core.verb:set package 'turtlebot3_navigation2' build argument 'cmake_target' from command line to 'None'
[0.268s] Level 5:colcon.colcon_core.verb:set package 'turtlebot3_navigation2' build argument 'cmake_target_skip_unavailable' from command line to 'False'
[0.268s] Level 5:colcon.colcon_core.verb:set package 'turtlebot3_navigation2' build argument 'cmake_clean_cache' from command line to 'False'
[0.268s] Level 5:colcon.colcon_core.verb:set package 'turtlebot3_navigation2' build argument 'cmake_clean_first' from command line to 'False'
[0.268s] Level 5:colcon.colcon_core.verb:set package 'turtlebot3_navigation2' build argument 'cmake_force_configure' from command line to 'False'
[0.268s] Level 5:colcon.colcon_core.verb:set package 'turtlebot3_navigation2' build argument 'ament_cmake_args' from command line to 'None'
[0.268s] Level 5:colcon.colcon_core.verb:set package 'turtlebot3_navigation2' build argument 'catkin_cmake_args' from command line to 'None'
[0.268s] Level 5:colcon.colcon_core.verb:set package 'turtlebot3_navigation2' build argument 'catkin_skip_building_tests' from command line to 'False'
[0.268s] DEBUG:colcon.colcon_core.verb:Building package 'turtlebot3_navigation2' with the following arguments: {'ament_cmake_args': None, 'build_base': '/home/ram/MRT/turtle/build/turtlebot3_navigation2', 'catkin_cmake_args': None, 'catkin_skip_building_tests': False, 'cmake_args': None, 'cmake_clean_cache': False, 'cmake_clean_first': False, 'cmake_force_configure': False, 'cmake_target': None, 'cmake_target_skip_unavailable': False, 'install_base': '/home/ram/MRT/turtle/install/turtlebot3_navigation2', 'merge_install': False, 'path': '/home/ram/MRT/turtle/src/turtlebot3/turtlebot3_navigation2', 'symlink_install': True, 'test_result_base': None}
[0.268s] Level 5:colcon.colcon_core.verb:set package 'turtlebot3_node' build argument 'cmake_args' from command line to 'None'
[0.268s] Level 5:colcon.colcon_core.verb:set package 'turtlebot3_node' build argument 'cmake_target' from command line to 'None'
[0.268s] Level 5:colcon.colcon_core.verb:set package 'turtlebot3_node' build argument 'cmake_target_skip_unavailable' from command line to 'False'
[0.268s] Level 5:colcon.colcon_core.verb:set package 'turtlebot3_node' build argument 'cmake_clean_cache' from command line to 'False'
[0.268s] Level 5:colcon.colcon_core.verb:set package 'turtlebot3_node' build argument 'cmake_clean_first' from command line to 'False'
[0.268s] Level 5:colcon.colcon_core.verb:set package 'turtlebot3_node' build argument 'cmake_force_configure' from command line to 'False'
[0.268s] Level 5:colcon.colcon_core.verb:set package 'turtlebot3_node' build argument 'ament_cmake_args' from command line to 'None'
[0.268s] Level 5:colcon.colcon_core.verb:set package 'turtlebot3_node' build argument 'catkin_cmake_args' from command line to 'None'
[0.268s] Level 5:colcon.colcon_core.verb:set package 'turtlebot3_node' build argument 'catkin_skip_building_tests' from command line to 'False'
[0.268s] DEBUG:colcon.colcon_core.verb:Building package 'turtlebot3_node' with the following arguments: {'ament_cmake_args': None, 'build_base': '/home/ram/MRT/turtle/build/turtlebot3_node', 'catkin_cmake_args': None, 'catkin_skip_building_tests': False, 'cmake_args': None, 'cmake_clean_cache': False, 'cmake_clean_first': False, 'cmake_force_configure': False, 'cmake_target': None, 'cmake_target_skip_unavailable': False, 'install_base': '/home/ram/MRT/turtle/install/turtlebot3_node', 'merge_install': False, 'path': '/home/ram/MRT/turtle/src/turtlebot3/turtlebot3_node', 'symlink_install': True, 'test_result_base': None}
[0.268s] Level 5:colcon.colcon_core.verb:set package 'turtlebot3_teleop' build argument 'cmake_args' from command line to 'None'
[0.268s] Level 5:colcon.colcon_core.verb:set package 'turtlebot3_teleop' build argument 'cmake_target' from command line to 'None'
[0.268s] Level 5:colcon.colcon_core.verb:set package 'turtlebot3_teleop' build argument 'cmake_target_skip_unavailable' from command line to 'False'
[0.269s] Level 5:colcon.colcon_core.verb:set package 'turtlebot3_teleop' build argument 'cmake_clean_cache' from command line to 'False'
[0.269s] Level 5:colcon.colcon_core.verb:set package 'turtlebot3_teleop' build argument 'cmake_clean_first' from command line to 'False'
[0.269s] Level 5:colcon.colcon_core.verb:set package 'turtlebot3_teleop' build argument 'cmake_force_configure' from command line to 'False'
[0.269s] Level 5:colcon.colcon_core.verb:set package 'turtlebot3_teleop' build argument 'ament_cmake_args' from command line to 'None'
[0.269s] Level 5:colcon.colcon_core.verb:set package 'turtlebot3_teleop' build argument 'catkin_cmake_args' from command line to 'None'
[0.269s] Level 5:colcon.colcon_core.verb:set package 'turtlebot3_teleop' build argument 'catkin_skip_building_tests' from command line to 'False'
[0.269s] DEBUG:colcon.colcon_core.verb:Building package 'turtlebot3_teleop' with the following arguments: {'ament_cmake_args': None, 'build_base': '/home/ram/MRT/turtle/build/turtlebot3_teleop', 'catkin_cmake_args': None, 'catkin_skip_building_tests': False, 'cmake_args': None, 'cmake_clean_cache': False, 'cmake_clean_first': False, 'cmake_force_configure': False, 'cmake_target': None, 'cmake_target_skip_unavailable': False, 'install_base': '/home/ram/MRT/turtle/install/turtlebot3_teleop', 'merge_install': False, 'path': '/home/ram/MRT/turtle/src/turtlebot3/turtlebot3_teleop', 'symlink_install': True, 'test_result_base': None}
[0.269s] Level 5:colcon.colcon_core.verb:set package 'turtlebot3_bringup' build argument 'cmake_args' from command line to 'None'
[0.269s] Level 5:colcon.colcon_core.verb:set package 'turtlebot3_bringup' build argument 'cmake_target' from command line to 'None'
[0.269s] Level 5:colcon.colcon_core.verb:set package 'turtlebot3_bringup' build argument 'cmake_target_skip_unavailable' from command line to 'False'
[0.269s] Level 5:colcon.colcon_core.verb:set package 'turtlebot3_bringup' build argument 'cmake_clean_cache' from command line to 'False'
[0.269s] Level 5:colcon.colcon_core.verb:set package 'turtlebot3_bringup' build argument 'cmake_clean_first' from command line to 'False'
[0.269s] Level 5:colcon.colcon_core.verb:set package 'turtlebot3_bringup' build argument 'cmake_force_configure' from command line to 'False'
[0.269s] Level 5:colcon.colcon_core.verb:set package 'turtlebot3_bringup' build argument 'ament_cmake_args' from command line to 'None'
[0.269s] Level 5:colcon.colcon_core.verb:set package 'turtlebot3_bringup' build argument 'catkin_cmake_args' from command line to 'None'
[0.269s] Level 5:colcon.colcon_core.verb:set package 'turtlebot3_bringup' build argument 'catkin_skip_building_tests' from command line to 'False'
[0.269s] DEBUG:colcon.colcon_core.verb:Building package 'turtlebot3_bringup' with the following arguments: {'ament_cmake_args': None, 'build_base': '/home/ram/MRT/turtle/build/turtlebot3_bringup', 'catkin_cmake_args': None, 'catkin_skip_building_tests': False, 'cmake_args': None, 'cmake_clean_cache': False, 'cmake_clean_first': False, 'cmake_force_configure': False, 'cmake_target': None, 'cmake_target_skip_unavailable': False, 'install_base': '/home/ram/MRT/turtle/install/turtlebot3_bringup', 'merge_install': False, 'path': '/home/ram/MRT/turtle/src/turtlebot3/turtlebot3_bringup', 'symlink_install': True, 'test_result_base': None}
[0.269s] Level 5:colcon.colcon_core.verb:set package 'turtlebot3_slam_mrt' build argument 'cmake_args' from command line to 'None'
[0.269s] Level 5:colcon.colcon_core.verb:set package 'turtlebot3_slam_mrt' build argument 'cmake_target' from command line to 'None'
[0.269s] Level 5:colcon.colcon_core.verb:set package 'turtlebot3_slam_mrt' build argument 'cmake_target_skip_unavailable' from command line to 'False'
[0.269s] Level 5:colcon.colcon_core.verb:set package 'turtlebot3_slam_mrt' build argument 'cmake_clean_cache' from command line to 'False'
[0.269s] Level 5:colcon.colcon_core.verb:set package 'turtlebot3_slam_mrt' build argument 'cmake_clean_first' from command line to 'False'
[0.269s] Level 5:colcon.colcon_core.verb:set package 'turtlebot3_slam_mrt' build argument 'cmake_force_configure' from command line to 'False'
[0.269s] Level 5:colcon.colcon_core.verb:set package 'turtlebot3_slam_mrt' build argument 'ament_cmake_args' from command line to 'None'
[0.269s] Level 5:colcon.colcon_core.verb:set package 'turtlebot3_slam_mrt' build argument 'catkin_cmake_args' from command line to 'None'
[0.269s] Level 5:colcon.colcon_core.verb:set package 'turtlebot3_slam_mrt' build argument 'catkin_skip_building_tests' from command line to 'False'
[0.269s] DEBUG:colcon.colcon_core.verb:Building package 'turtlebot3_slam_mrt' with the following arguments: {'ament_cmake_args': None, 'build_base': '/home/ram/MRT/turtle/build/turtlebot3_slam_mrt', 'catkin_cmake_args': None, 'catkin_skip_building_tests': False, 'cmake_args': None, 'cmake_clean_cache': False, 'cmake_clean_first': False, 'cmake_force_configure': False, 'cmake_target': None, 'cmake_target_skip_unavailable': False, 'install_base': '/home/ram/MRT/turtle/install/turtlebot3_slam_mrt', 'merge_install': False, 'path': '/home/ram/MRT/turtle/src/turtlebot3/turtlebot3_slam_mrt', 'symlink_install': True, 'test_result_base': None}
[0.270s] Level 5:colcon.colcon_core.verb:set package 'turtlebot3' build argument 'cmake_args' from command line to 'None'
[0.270s] Level 5:colcon.colcon_core.verb:set package 'turtlebot3' build argument 'cmake_target' from command line to 'None'
[0.270s] Level 5:colcon.colcon_core.verb:set package 'turtlebot3' build argument 'cmake_target_skip_unavailable' from command line to 'False'
[0.270s] Level 5:colcon.colcon_core.verb:set package 'turtlebot3' build argument 'cmake_clean_cache' from command line to 'False'
[0.270s] Level 5:colcon.colcon_core.verb:set package 'turtlebot3' build argument 'cmake_clean_first' from command line to 'False'
[0.270s] Level 5:colcon.colcon_core.verb:set package 'turtlebot3' build argument 'cmake_force_configure' from command line to 'False'
[0.270s] Level 5:colcon.colcon_core.verb:set package 'turtlebot3' build argument 'ament_cmake_args' from command line to 'None'
[0.270s] Level 5:colcon.colcon_core.verb:set package 'turtlebot3' build argument 'catkin_cmake_args' from command line to 'None'
[0.270s] Level 5:colcon.colcon_core.verb:set package 'turtlebot3' build argument 'catkin_skip_building_tests' from command line to 'False'
[0.270s] DEBUG:colcon.colcon_core.verb:Building package 'turtlebot3' with the following arguments: {'ament_cmake_args': None, 'build_base': '/home/ram/MRT/turtle/build/turtlebot3', 'catkin_cmake_args': None, 'catkin_skip_building_tests': False, 'cmake_args': None, 'cmake_clean_cache': False, 'cmake_clean_first': False, 'cmake_force_configure': False, 'cmake_target': None, 'cmake_target_skip_unavailable': False, 'install_base': '/home/ram/MRT/turtle/install/turtlebot3', 'merge_install': False, 'path': '/home/ram/MRT/turtle/src/turtlebot3/turtlebot3', 'symlink_install': True, 'test_result_base': None}
[0.270s] Level 5:colcon.colcon_core.verb:set package 'turtlebot3_gazebo' build argument 'cmake_args' from command line to 'None'
[0.270s] Level 5:colcon.colcon_core.verb:set package 'turtlebot3_gazebo' build argument 'cmake_target' from command line to 'None'
[0.270s] Level 5:colcon.colcon_core.verb:set package 'turtlebot3_gazebo' build argument 'cmake_target_skip_unavailable' from command line to 'False'
[0.270s] Level 5:colcon.colcon_core.verb:set package 'turtlebot3_gazebo' build argument 'cmake_clean_cache' from command line to 'False'
[0.270s] Level 5:colcon.colcon_core.verb:set package 'turtlebot3_gazebo' build argument 'cmake_clean_first' from command line to 'False'
[0.270s] Level 5:colcon.colcon_core.verb:set package 'turtlebot3_gazebo' build argument 'cmake_force_configure' from command line to 'False'
[0.270s] Level 5:colcon.colcon_core.verb:set package 'turtlebot3_gazebo' build argument 'ament_cmake_args' from command line to 'None'
[0.270s] Level 5:colcon.colcon_core.verb:set package 'turtlebot3_gazebo' build argument 'catkin_cmake_args' from command line to 'None'
[0.270s] Level 5:colcon.colcon_core.verb:set package 'turtlebot3_gazebo' build argument 'catkin_skip_building_tests' from command line to 'False'
[0.270s] DEBUG:colcon.colcon_core.verb:Building package 'turtlebot3_gazebo' with the following arguments: {'ament_cmake_args': None, 'build_base': '/home/ram/MRT/turtle/build/turtlebot3_gazebo', 'catkin_cmake_args': None, 'catkin_skip_building_tests': False, 'cmake_args': None, 'cmake_clean_cache': False, 'cmake_clean_first': False, 'cmake_force_configure': False, 'cmake_target': None, 'cmake_target_skip_unavailable': False, 'install_base': '/home/ram/MRT/turtle/install/turtlebot3_gazebo', 'merge_install': False, 'path': '/home/ram/MRT/turtle/src/turtlebot3_simulations/turtlebot3_gazebo', 'symlink_install': True, 'test_result_base': None}
[0.271s] Level 5:colcon.colcon_core.verb:set package 'turtlebot3_simulations' build argument 'cmake_args' from command line to 'None'
[0.271s] Level 5:colcon.colcon_core.verb:set package 'turtlebot3_simulations' build argument 'cmake_target' from command line to 'None'
[0.271s] Level 5:colcon.colcon_core.verb:set package 'turtlebot3_simulations' build argument 'cmake_target_skip_unavailable' from command line to 'False'
[0.271s] Level 5:colcon.colcon_core.verb:set package 'turtlebot3_simulations' build argument 'cmake_clean_cache' from command line to 'False'
[0.271s] Level 5:colcon.colcon_core.verb:set package 'turtlebot3_simulations' build argument 'cmake_clean_first' from command line to 'False'
[0.271s] Level 5:colcon.colcon_core.verb:set package 'turtlebot3_simulations' build argument 'cmake_force_configure' from command line to 'False'
[0.271s] Level 5:colcon.colcon_core.verb:set package 'turtlebot3_simulations' build argument 'ament_cmake_args' from command line to 'None'
[0.271s] Level 5:colcon.colcon_core.verb:set package 'turtlebot3_simulations' build argument 'catkin_cmake_args' from command line to 'None'
[0.271s] Level 5:colcon.colcon_core.verb:set package 'turtlebot3_simulations' build argument 'catkin_skip_building_tests' from command line to 'False'
[0.271s] DEBUG:colcon.colcon_core.verb:Building package 'turtlebot3_simulations' with the following arguments: {'ament_cmake_args': None, 'build_base': '/home/ram/MRT/turtle/build/turtlebot3_simulations', 'catkin_cmake_args': None, 'catkin_skip_building_tests': False, 'cmake_args': None, 'cmake_clean_cache': False, 'cmake_clean_first': False, 'cmake_force_configure': False, 'cmake_target': None, 'cmake_target_skip_unavailable': False, 'install_base': '/home/ram/MRT/turtle/install/turtlebot3_simulations', 'merge_install': False, 'path': '/home/ram/MRT/turtle/src/turtlebot3_simulations/turtlebot3_simulations', 'symlink_install': True, 'test_result_base': None}
[0.271s] INFO:colcon.colcon_core.executor:Executing jobs using 'parallel' executor
[0.272s] DEBUG:colcon.colcon_parallel_executor.executor.parallel:run_until_complete
[0.272s] INFO:colcon.colcon_ros.task.ament_cmake.build:Building ROS package in '/home/ram/MRT/turtle/src/turtlebot3/turtlebot3_navigation2' with build type 'ament_cmake'
[0.272s] INFO:colcon.colcon_cmake.task.cmake.build:Building CMake package in '/home/ram/MRT/turtle/src/turtlebot3/turtlebot3_navigation2'
[0.275s] INFO:colcon.colcon_core.plugin_system:Skipping extension 'colcon_core.shell.bat': Not used on non-Windows systems
[0.275s] INFO:colcon.colcon_core.shell:Skip shell extension 'powershell' for command environment: Not usable outside of PowerShell
[0.275s] DEBUG:colcon.colcon_core.shell:Skip shell extension 'dsv' for command environment
[0.279s] INFO:colcon.colcon_ros.task.ament_cmake.build:Building ROS package in '/home/ram/MRT/turtle/src/turtlebot3/turtlebot3_description' with build type 'ament_cmake'
[0.280s] INFO:colcon.colcon_cmake.task.cmake.build:Building CMake package in '/home/ram/MRT/turtle/src/turtlebot3/turtlebot3_description'
[0.280s] INFO:colcon.colcon_core.shell:Skip shell extension 'powershell' for command environment: Not usable outside of PowerShell
[0.280s] DEBUG:colcon.colcon_core.shell:Skip shell extension 'dsv' for command environment
[0.284s] INFO:colcon.colcon_ros.task.ament_cmake.build:Building ROS package in '/home/ram/MRT/turtle/src/turtlebot3/turtlebot3_node' with build type 'ament_cmake'
[0.284s] INFO:colcon.colcon_cmake.task.cmake.build:Building CMake package in '/home/ram/MRT/turtle/src/turtlebot3/turtlebot3_node'
[0.284s] INFO:colcon.colcon_core.shell:Skip shell extension 'powershell' for command environment: Not usable outside of PowerShell
[0.285s] DEBUG:colcon.colcon_core.shell:Skip shell extension 'dsv' for command environment
[0.288s] INFO:colcon.colcon_ros.task.ament_cmake.build:Building ROS package in '/home/ram/MRT/turtle/src/turtlebot3/turtlebot3_cartographer' with build type 'ament_cmake'
[0.289s] INFO:colcon.colcon_cmake.task.cmake.build:Building CMake package in '/home/ram/MRT/turtle/src/turtlebot3/turtlebot3_cartographer'
[0.289s] INFO:colcon.colcon_core.shell:Skip shell extension 'powershell' for command environment: Not usable outside of PowerShell
[0.289s] DEBUG:colcon.colcon_core.shell:Skip shell extension 'dsv' for command environment
[0.293s] INFO:colcon.colcon_ros.task.ament_python.build:Building ROS package in '/home/ram/MRT/turtle/src/turtlebot3/turtlebot3_example' with build type 'ament_python'
[0.293s] Level 1:colcon.colcon_core.shell:create_environment_hook('turtlebot3_example', 'ament_prefix_path')
[0.293s] INFO:colcon.colcon_core.shell:Creating environment hook '/home/ram/MRT/turtle/install/turtlebot3_example/share/turtlebot3_example/hook/ament_prefix_path.ps1'
[0.294s] INFO:colcon.colcon_core.shell:Creating environment descriptor '/home/ram/MRT/turtle/install/turtlebot3_example/share/turtlebot3_example/hook/ament_prefix_path.dsv'
[0.294s] INFO:colcon.colcon_core.shell:Creating environment hook '/home/ram/MRT/turtle/install/turtlebot3_example/share/turtlebot3_example/hook/ament_prefix_path.sh'
[0.295s] INFO:colcon.colcon_core.shell:Skip shell extension 'powershell' for command environment: Not usable outside of PowerShell
[0.295s] DEBUG:colcon.colcon_core.shell:Skip shell extension 'dsv' for command environment
[0.299s] INFO:colcon.colcon_ros.task.ament_cmake.build:Building ROS package in '/home/ram/MRT/turtle/src/turtlebot3_simulations/turtlebot3_fake_node' with build type 'ament_cmake'
[0.299s] INFO:colcon.colcon_cmake.task.cmake.build:Building CMake package in '/home/ram/MRT/turtle/src/turtlebot3_simulations/turtlebot3_fake_node'
[0.299s] INFO:colcon.colcon_core.shell:Skip shell extension 'powershell' for command environment: Not usable outside of PowerShell
[0.299s] DEBUG:colcon.colcon_core.shell:Skip shell extension 'dsv' for command environment
[0.303s] INFO:colcon.colcon_ros.task.ament_python.build:Building ROS package in '/home/ram/MRT/turtle/src/turtlebot3/turtlebot3_teleop' with build type 'ament_python'
[0.303s] Level 1:colcon.colcon_core.shell:create_environment_hook('turtlebot3_teleop', 'ament_prefix_path')
[0.303s] INFO:colcon.colcon_core.shell:Creating environment hook '/home/ram/MRT/turtle/install/turtlebot3_teleop/share/turtlebot3_teleop/hook/ament_prefix_path.ps1'
[0.304s] INFO:colcon.colcon_core.shell:Creating environment descriptor '/home/ram/MRT/turtle/install/turtlebot3_teleop/share/turtlebot3_teleop/hook/ament_prefix_path.dsv'
[0.304s] INFO:colcon.colcon_core.shell:Creating environment hook '/home/ram/MRT/turtle/install/turtlebot3_teleop/share/turtlebot3_teleop/hook/ament_prefix_path.sh'
[0.304s] INFO:colcon.colcon_core.shell:Skip shell extension 'powershell' for command environment: Not usable outside of PowerShell
[0.305s] DEBUG:colcon.colcon_core.shell:Skip shell extension 'dsv' for command environment
[0.312s] DEBUG:colcon.colcon_core.event_handler.log_command:Invoking command in '/home/ram/MRT/turtle/build/turtlebot3_navigation2': CMAKE_PREFIX_PATH=${CMAKE_PREFIX_PATH}:/home/ram/MRT/turtle/install/turtlebot3_teleop:/home/ram/MRT/turtle/install/turtlebot3_slam_mrt:/home/ram/MRT/turtle/install/turtlebot3_example:/opt/ros/jazzy DEBUGINFOD_URLS=https://debuginfod.ubuntu.com /usr/bin/cmake /home/ram/MRT/turtle/src/turtlebot3/turtlebot3_navigation2 -DAMENT_CMAKE_SYMLINK_INSTALL=1 -DCMAKE_INSTALL_PREFIX=/home/ram/MRT/turtle/install/turtlebot3_navigation2
[0.315s] DEBUG:colcon.colcon_core.event_handler.log_command:Invoking command in '/home/ram/MRT/turtle/build/turtlebot3_description': CMAKE_PREFIX_PATH=${CMAKE_PREFIX_PATH}:/home/ram/MRT/turtle/install/turtlebot3_teleop:/home/ram/MRT/turtle/install/turtlebot3_slam_mrt:/home/ram/MRT/turtle/install/turtlebot3_example:/opt/ros/jazzy DEBUGINFOD_URLS=https://debuginfod.ubuntu.com /usr/bin/cmake /home/ram/MRT/turtle/src/turtlebot3/turtlebot3_description -DAMENT_CMAKE_SYMLINK_INSTALL=1 -DCMAKE_INSTALL_PREFIX=/home/ram/MRT/turtle/install/turtlebot3_description
[0.317s] DEBUG:colcon.colcon_core.event_handler.log_command:Invoking command in '/home/ram/MRT/turtle/build/turtlebot3_node': CMAKE_PREFIX_PATH=${CMAKE_PREFIX_PATH}:/home/ram/MRT/turtle/install/turtlebot3_teleop:/home/ram/MRT/turtle/install/turtlebot3_slam_mrt:/home/ram/MRT/turtle/install/turtlebot3_example:/opt/ros/jazzy DEBUGINFOD_URLS=https://debuginfod.ubuntu.com /usr/bin/cmake /home/ram/MRT/turtle/src/turtlebot3/turtlebot3_node -DAMENT_CMAKE_SYMLINK_INSTALL=1 -DCMAKE_INSTALL_PREFIX=/home/ram/MRT/turtle/install/turtlebot3_node
[0.318s] DEBUG:colcon.colcon_core.event_handler.log_command:Invoking command in '/home/ram/MRT/turtle/build/turtlebot3_cartographer': CMAKE_PREFIX_PATH=${CMAKE_PREFIX_PATH}:/home/ram/MRT/turtle/install/turtlebot3_teleop:/home/ram/MRT/turtle/install/turtlebot3_slam_mrt:/home/ram/MRT/turtle/install/turtlebot3_example:/opt/ros/jazzy DEBUGINFOD_URLS=https://debuginfod.ubuntu.com /usr/bin/cmake /home/ram/MRT/turtle/src/turtlebot3/turtlebot3_cartographer -DAMENT_CMAKE_SYMLINK_INSTALL=1 -DCMAKE_INSTALL_PREFIX=/home/ram/MRT/turtle/install/turtlebot3_cartographer
[0.576s] INFO:colcon.colcon_core.task.python.build:Building Python package in '/home/ram/MRT/turtle/src/turtlebot3/turtlebot3_example'
[0.576s] INFO:colcon.colcon_core.shell:Skip shell extension 'powershell' for command environment: Not usable outside of PowerShell
[0.576s] DEBUG:colcon.colcon_core.shell:Skip shell extension 'dsv' for command environment
[0.583s] DEBUG:colcon.colcon_core.event_handler.log_command:Invoking command in '/home/ram/MRT/turtle/build/turtlebot3_fake_node': CMAKE_PREFIX_PATH=${CMAKE_PREFIX_PATH}:/home/ram/MRT/turtle/install/turtlebot3_teleop:/home/ram/MRT/turtle/install/turtlebot3_slam_mrt:/home/ram/MRT/turtle/install/turtlebot3_example:/opt/ros/jazzy DEBUGINFOD_URLS=https://debuginfod.ubuntu.com /usr/bin/cmake /home/ram/MRT/turtle/src/turtlebot3_simulations/turtlebot3_fake_node -DAMENT_CMAKE_SYMLINK_INSTALL=1 -DCMAKE_INSTALL_PREFIX=/home/ram/MRT/turtle/install/turtlebot3_fake_node
[0.888s] INFO:colcon.colcon_core.task.python.build:Building Python package in '/home/ram/MRT/turtle/src/turtlebot3/turtlebot3_teleop'
[0.888s] INFO:colcon.colcon_core.shell:Skip shell extension 'powershell' for command environment: Not usable outside of PowerShell
[0.888s] DEBUG:colcon.colcon_core.shell:Skip shell extension 'dsv' for command environment
[1.279s] DEBUG:colcon.colcon_core.event_handler.log_command:Invoked command in '/home/ram/MRT/turtle/build/turtlebot3_navigation2' returned '0': CMAKE_PREFIX_PATH=${CMAKE_PREFIX_PATH}:/home/ram/MRT/turtle/install/turtlebot3_teleop:/home/ram/MRT/turtle/install/turtlebot3_slam_mrt:/home/ram/MRT/turtle/install/turtlebot3_example:/opt/ros/jazzy DEBUGINFOD_URLS=https://debuginfod.ubuntu.com /usr/bin/cmake /home/ram/MRT/turtle/src/turtlebot3/turtlebot3_navigation2 -DAMENT_CMAKE_SYMLINK_INSTALL=1 -DCMAKE_INSTALL_PREFIX=/home/ram/MRT/turtle/install/turtlebot3_navigation2
[1.281s] DEBUG:colcon.colcon_core.event_handler.log_command:Invoking command in '/home/ram/MRT/turtle/build/turtlebot3_navigation2': CMAKE_PREFIX_PATH=${CMAKE_PREFIX_PATH}:/home/ram/MRT/turtle/install/turtlebot3_teleop:/home/ram/MRT/turtle/install/turtlebot3_slam_mrt:/home/ram/MRT/turtle/install/turtlebot3_example:/opt/ros/jazzy DEBUGINFOD_URLS=https://debuginfod.ubuntu.com /usr/bin/cmake --build /home/ram/MRT/turtle/build/turtlebot3_navigation2 -- -j12 -l12
[1.341s] DEBUG:colcon.colcon_core.event_handler.log_command:Invoked command in '/home/ram/MRT/turtle/build/turtlebot3_navigation2' returned '0': CMAKE_PREFIX_PATH=${CMAKE_PREFIX_PATH}:/home/ram/MRT/turtle/install/turtlebot3_teleop:/home/ram/MRT/turtle/install/turtlebot3_slam_mrt:/home/ram/MRT/turtle/install/turtlebot3_example:/opt/ros/jazzy DEBUGINFOD_URLS=https://debuginfod.ubuntu.com /usr/bin/cmake --build /home/ram/MRT/turtle/build/turtlebot3_navigation2 -- -j12 -l12
[1.358s] DEBUG:colcon.colcon_core.event_handler.log_command:Invoking command in '/home/ram/MRT/turtle/build/turtlebot3_navigation2': CMAKE_PREFIX_PATH=${CMAKE_PREFIX_PATH}:/home/ram/MRT/turtle/install/turtlebot3_teleop:/home/ram/MRT/turtle/install/turtlebot3_slam_mrt:/home/ram/MRT/turtle/install/turtlebot3_example:/opt/ros/jazzy DEBUGINFOD_URLS=https://debuginfod.ubuntu.com /usr/bin/cmake --install /home/ram/MRT/turtle/build/turtlebot3_navigation2
[1.359s] DEBUG:colcon.colcon_core.event_handler.log_command:Invoked command in '/home/ram/MRT/turtle/build/turtlebot3_cartographer' returned '0': CMAKE_PREFIX_PATH=${CMAKE_PREFIX_PATH}:/home/ram/MRT/turtle/install/turtlebot3_teleop:/home/ram/MRT/turtle/install/turtlebot3_slam_mrt:/home/ram/MRT/turtle/install/turtlebot3_example:/opt/ros/jazzy DEBUGINFOD_URLS=https://debuginfod.ubuntu.com /usr/bin/cmake /home/ram/MRT/turtle/src/turtlebot3/turtlebot3_cartographer -DAMENT_CMAKE_SYMLINK_INSTALL=1 -DCMAKE_INSTALL_PREFIX=/home/ram/MRT/turtle/install/turtlebot3_cartographer
[1.360s] DEBUG:colcon.colcon_core.event_handler.log_command:Invoking command in '/home/ram/MRT/turtle/build/turtlebot3_cartographer': CMAKE_PREFIX_PATH=${CMAKE_PREFIX_PATH}:/home/ram/MRT/turtle/install/turtlebot3_teleop:/home/ram/MRT/turtle/install/turtlebot3_slam_mrt:/home/ram/MRT/turtle/install/turtlebot3_example:/opt/ros/jazzy DEBUGINFOD_URLS=https://debuginfod.ubuntu.com /usr/bin/cmake --build /home/ram/MRT/turtle/build/turtlebot3_cartographer -- -j12 -l12
[1.383s] DEBUG:colcon.colcon_core.event_handler.log_command:Invoked command in '/home/ram/MRT/turtle/build/turtlebot3_description' returned '0': CMAKE_PREFIX_PATH=${CMAKE_PREFIX_PATH}:/home/ram/MRT/turtle/install/turtlebot3_teleop:/home/ram/MRT/turtle/install/turtlebot3_slam_mrt:/home/ram/MRT/turtle/install/turtlebot3_example:/opt/ros/jazzy DEBUGINFOD_URLS=https://debuginfod.ubuntu.com /usr/bin/cmake /home/ram/MRT/turtle/src/turtlebot3/turtlebot3_description -DAMENT_CMAKE_SYMLINK_INSTALL=1 -DCMAKE_INSTALL_PREFIX=/home/ram/MRT/turtle/install/turtlebot3_description
[1.385s] DEBUG:colcon.colcon_core.event_handler.log_command:Invoking command in '/home/ram/MRT/turtle/build/turtlebot3_description': CMAKE_PREFIX_PATH=${CMAKE_PREFIX_PATH}:/home/ram/MRT/turtle/install/turtlebot3_teleop:/home/ram/MRT/turtle/install/turtlebot3_slam_mrt:/home/ram/MRT/turtle/install/turtlebot3_example:/opt/ros/jazzy DEBUGINFOD_URLS=https://debuginfod.ubuntu.com /usr/bin/cmake --build /home/ram/MRT/turtle/build/turtlebot3_description -- -j12 -l12
[1.417s] DEBUG:colcon.colcon_core.event_handler.log_command:Invoked command in '/home/ram/MRT/turtle/build/turtlebot3_cartographer' returned '0': CMAKE_PREFIX_PATH=${CMAKE_PREFIX_PATH}:/home/ram/MRT/turtle/install/turtlebot3_teleop:/home/ram/MRT/turtle/install/turtlebot3_slam_mrt:/home/ram/MRT/turtle/install/turtlebot3_example:/opt/ros/jazzy DEBUGINFOD_URLS=https://debuginfod.ubuntu.com /usr/bin/cmake --build /home/ram/MRT/turtle/build/turtlebot3_cartographer -- -j12 -l12
[1.418s] DEBUG:colcon.colcon_core.event_handler.log_command:Invoking command in '/home/ram/MRT/turtle/build/turtlebot3_cartographer': CMAKE_PREFIX_PATH=${CMAKE_PREFIX_PATH}:/home/ram/MRT/turtle/install/turtlebot3_teleop:/home/ram/MRT/turtle/install/turtlebot3_slam_mrt:/home/ram/MRT/turtle/install/turtlebot3_example:/opt/ros/jazzy DEBUGINFOD_URLS=https://debuginfod.ubuntu.com /usr/bin/cmake --install /home/ram/MRT/turtle/build/turtlebot3_cartographer
[1.444s] DEBUG:colcon.colcon_core.event_handler.log_command:Invoked command in '/home/ram/MRT/turtle/build/turtlebot3_description' returned '0': CMAKE_PREFIX_PATH=${CMAKE_PREFIX_PATH}:/home/ram/MRT/turtle/install/turtlebot3_teleop:/home/ram/MRT/turtle/install/turtlebot3_slam_mrt:/home/ram/MRT/turtle/install/turtlebot3_example:/opt/ros/jazzy DEBUGINFOD_URLS=https://debuginfod.ubuntu.com /usr/bin/cmake --build /home/ram/MRT/turtle/build/turtlebot3_description -- -j12 -l12
[1.446s] DEBUG:colcon.colcon_core.event_handler.log_command:Invoking command in '/home/ram/MRT/turtle/build/turtlebot3_description': CMAKE_PREFIX_PATH=${CMAKE_PREFIX_PATH}:/home/ram/MRT/turtle/install/turtlebot3_teleop:/home/ram/MRT/turtle/install/turtlebot3_slam_mrt:/home/ram/MRT/turtle/install/turtlebot3_example:/opt/ros/jazzy DEBUGINFOD_URLS=https://debuginfod.ubuntu.com /usr/bin/cmake --install /home/ram/MRT/turtle/build/turtlebot3_description
[1.669s] DEBUG:colcon.colcon_core.task.python.build:Available setuptools commands: clean, install_lib, upload, upload_docs, init_catalog, bdist, install, editable_wheel, egg_info, alias, build_ext, install_egg_info, bdist_rpm, install_scripts, build_clib, install_data, symlink_data, compile_catalog, bdist_wheel, easy_install, build_scripts, build_py, test, register, sdist, develop, build, rotate, install_headers, check, extract_messages, bdist_dumb, saveopts, dist_info, setopt, bdist_egg, update_catalog
[1.692s] Level 1:colcon.colcon_core.environment:create_environment_scripts_only(turtlebot3_cartographer)
[1.693s] DEBUG:colcon.colcon_core.event_handler.log_command:Invoked command in '/home/ram/MRT/turtle/build/turtlebot3_cartographer' returned '0': CMAKE_PREFIX_PATH=${CMAKE_PREFIX_PATH}:/home/ram/MRT/turtle/install/turtlebot3_teleop:/home/ram/MRT/turtle/install/turtlebot3_slam_mrt:/home/ram/MRT/turtle/install/turtlebot3_example:/opt/ros/jazzy DEBUGINFOD_URLS=https://debuginfod.ubuntu.com /usr/bin/cmake --install /home/ram/MRT/turtle/build/turtlebot3_cartographer
[1.695s] Level 1:colcon.colcon_core.environment:checking '/home/ram/MRT/turtle/install/turtlebot3_cartographer' for CMake module files
[1.718s] Level 1:colcon.colcon_core.environment:checking '/home/ram/MRT/turtle/install/turtlebot3_cartographer' for CMake config files
[1.718s] Level 1:colcon.colcon_core.shell:create_environment_hook('turtlebot3_cartographer', 'cmake_prefix_path')
[1.719s] INFO:colcon.colcon_core.shell:Creating environment hook '/home/ram/MRT/turtle/install/turtlebot3_cartographer/share/turtlebot3_cartographer/hook/cmake_prefix_path.ps1'
[1.719s] INFO:colcon.colcon_core.shell:Creating environment descriptor '/home/ram/MRT/turtle/install/turtlebot3_cartographer/share/turtlebot3_cartographer/hook/cmake_prefix_path.dsv'
[1.720s] INFO:colcon.colcon_core.shell:Creating environment hook '/home/ram/MRT/turtle/install/turtlebot3_cartographer/share/turtlebot3_cartographer/hook/cmake_prefix_path.sh'
[1.720s] Level 1:colcon.colcon_core.environment:checking '/home/ram/MRT/turtle/install/turtlebot3_cartographer/bin'
[1.720s] Level 1:colcon.colcon_core.environment:checking '/home/ram/MRT/turtle/install/turtlebot3_cartographer/lib/pkgconfig/turtlebot3_cartographer.pc'
[1.721s] Level 1:colcon.colcon_core.environment:checking '/home/ram/MRT/turtle/install/turtlebot3_cartographer/lib/python3.12/site-packages'
[1.721s] Level 1:colcon.colcon_core.environment:checking '/home/ram/MRT/turtle/install/turtlebot3_cartographer/bin'
[1.721s] INFO:colcon.colcon_core.shell:Creating package script '/home/ram/MRT/turtle/install/turtlebot3_cartographer/share/turtlebot3_cartographer/package.ps1'
[1.723s] INFO:colcon.colcon_core.shell:Creating package descriptor '/home/ram/MRT/turtle/install/turtlebot3_cartographer/share/turtlebot3_cartographer/package.dsv'
[1.723s] INFO:colcon.colcon_core.shell:Creating package script '/home/ram/MRT/turtle/install/turtlebot3_cartographer/share/turtlebot3_cartographer/package.sh'
[1.724s] INFO:colcon.colcon_core.shell:Creating package script '/home/ram/MRT/turtle/install/turtlebot3_cartographer/share/turtlebot3_cartographer/package.bash'
[1.725s] INFO:colcon.colcon_core.shell:Creating package script '/home/ram/MRT/turtle/install/turtlebot3_cartographer/share/turtlebot3_cartographer/package.zsh'
[1.726s] Level 1:colcon.colcon_core.environment:create_file_with_runtime_dependencies(/home/ram/MRT/turtle/install/turtlebot3_cartographer/share/colcon-core/packages/turtlebot3_cartographer)
[1.727s] Level 1:colcon.colcon_core.environment:create_environment_scripts_only(turtlebot3_cartographer)
[1.727s] Level 1:colcon.colcon_core.environment:checking '/home/ram/MRT/turtle/install/turtlebot3_cartographer' for CMake module files
[1.728s] Level 1:colcon.colcon_core.environment:checking '/home/ram/MRT/turtle/install/turtlebot3_cartographer' for CMake config files
[1.728s] Level 1:colcon.colcon_core.shell:create_environment_hook('turtlebot3_cartographer', 'cmake_prefix_path')
[1.728s] INFO:colcon.colcon_core.shell:Creating environment hook '/home/ram/MRT/turtle/install/turtlebot3_cartographer/share/turtlebot3_cartographer/hook/cmake_prefix_path.ps1'
[1.729s] INFO:colcon.colcon_core.shell:Creating environment descriptor '/home/ram/MRT/turtle/install/turtlebot3_cartographer/share/turtlebot3_cartographer/hook/cmake_prefix_path.dsv'
[1.729s] INFO:colcon.colcon_core.shell:Creating environment hook '/home/ram/MRT/turtle/install/turtlebot3_cartographer/share/turtlebot3_cartographer/hook/cmake_prefix_path.sh'
[1.730s] Level 1:colcon.colcon_core.environment:checking '/home/ram/MRT/turtle/install/turtlebot3_cartographer/bin'
[1.730s] Level 1:colcon.colcon_core.environment:checking '/home/ram/MRT/turtle/install/turtlebot3_cartographer/lib/pkgconfig/turtlebot3_cartographer.pc'
[1.730s] Level 1:colcon.colcon_core.environment:checking '/home/ram/MRT/turtle/install/turtlebot3_cartographer/lib/python3.12/site-packages'
[1.730s] Level 1:colcon.colcon_core.environment:checking '/home/ram/MRT/turtle/install/turtlebot3_cartographer/bin'
[1.731s] INFO:colcon.colcon_core.shell:Creating package script '/home/ram/MRT/turtle/install/turtlebot3_cartographer/share/turtlebot3_cartographer/package.ps1'
[1.732s] INFO:colcon.colcon_core.shell:Creating package descriptor '/home/ram/MRT/turtle/install/turtlebot3_cartographer/share/turtlebot3_cartographer/package.dsv'
[1.732s] INFO:colcon.colcon_core.shell:Creating package script '/home/ram/MRT/turtle/install/turtlebot3_cartographer/share/turtlebot3_cartographer/package.sh'
[1.733s] INFO:colcon.colcon_core.shell:Creating package script '/home/ram/MRT/turtle/install/turtlebot3_cartographer/share/turtlebot3_cartographer/package.bash'
[1.733s] INFO:colcon.colcon_core.shell:Creating package script '/home/ram/MRT/turtle/install/turtlebot3_cartographer/share/turtlebot3_cartographer/package.zsh'
[1.734s] Level 1:colcon.colcon_core.environment:create_file_with_runtime_dependencies(/home/ram/MRT/turtle/install/turtlebot3_cartographer/share/colcon-core/packages/turtlebot3_cartographer)
[1.735s] DEBUG:colcon.colcon_core.task.python.build:Available setuptools commands: clean, install_lib, upload, upload_docs, init_catalog, bdist, install, editable_wheel, egg_info, alias, build_ext, install_egg_info, bdist_rpm, install_scripts, build_clib, install_data, symlink_data, compile_catalog, bdist_wheel, easy_install, build_scripts, build_py, test, register, sdist, develop, build, rotate, install_headers, check, extract_messages, bdist_dumb, saveopts, dist_info, setopt, bdist_egg, update_catalog
[1.741s] Level 1:colcon.colcon_core.environment:create_environment_scripts_only(turtlebot3_navigation2)
[1.741s] Level 1:colcon.colcon_core.environment:checking '/home/ram/MRT/turtle/install/turtlebot3_navigation2' for CMake module files
[1.741s] DEBUG:colcon.colcon_core.event_handler.log_command:Invoked command in '/home/ram/MRT/turtle/build/turtlebot3_navigation2' returned '0': CMAKE_PREFIX_PATH=${CMAKE_PREFIX_PATH}:/home/ram/MRT/turtle/install/turtlebot3_teleop:/home/ram/MRT/turtle/install/turtlebot3_slam_mrt:/home/ram/MRT/turtle/install/turtlebot3_example:/opt/ros/jazzy DEBUGINFOD_URLS=https://debuginfod.ubuntu.com /usr/bin/cmake --install /home/ram/MRT/turtle/build/turtlebot3_navigation2
[1.742s] Level 1:colcon.colcon_core.environment:checking '/home/ram/MRT/turtle/install/turtlebot3_navigation2' for CMake config files
[1.742s] Level 1:colcon.colcon_core.shell:create_environment_hook('turtlebot3_navigation2', 'cmake_prefix_path')
[1.742s] INFO:colcon.colcon_core.shell:Creating environment hook '/home/ram/MRT/turtle/install/turtlebot3_navigation2/share/turtlebot3_navigation2/hook/cmake_prefix_path.ps1'
[1.743s] INFO:colcon.colcon_core.shell:Creating environment descriptor '/home/ram/MRT/turtle/install/turtlebot3_navigation2/share/turtlebot3_navigation2/hook/cmake_prefix_path.dsv'
[1.743s] INFO:colcon.colcon_core.shell:Creating environment hook '/home/ram/MRT/turtle/install/turtlebot3_navigation2/share/turtlebot3_navigation2/hook/cmake_prefix_path.sh'
[1.744s] Level 1:colcon.colcon_core.environment:checking '/home/ram/MRT/turtle/install/turtlebot3_navigation2/bin'
[1.744s] Level 1:colcon.colcon_core.environment:checking '/home/ram/MRT/turtle/install/turtlebot3_navigation2/lib/pkgconfig/turtlebot3_navigation2.pc'
[1.744s] Level 1:colcon.colcon_core.environment:checking '/home/ram/MRT/turtle/install/turtlebot3_navigation2/lib/python3.12/site-packages'
[1.744s] Level 1:colcon.colcon_core.environment:checking '/home/ram/MRT/turtle/install/turtlebot3_navigation2/bin'
[1.745s] INFO:colcon.colcon_core.shell:Creating package script '/home/ram/MRT/turtle/install/turtlebot3_navigation2/share/turtlebot3_navigation2/package.ps1'
[1.746s] INFO:colcon.colcon_core.shell:Creating package descriptor '/home/ram/MRT/turtle/install/turtlebot3_navigation2/share/turtlebot3_navigation2/package.dsv'
[1.746s] INFO:colcon.colcon_core.shell:Creating package script '/home/ram/MRT/turtle/install/turtlebot3_navigation2/share/turtlebot3_navigation2/package.sh'
[1.747s] INFO:colcon.colcon_core.shell:Creating package script '/home/ram/MRT/turtle/install/turtlebot3_navigation2/share/turtlebot3_navigation2/package.bash'
[1.747s] INFO:colcon.colcon_core.shell:Creating package script '/home/ram/MRT/turtle/install/turtlebot3_navigation2/share/turtlebot3_navigation2/package.zsh'
[1.747s] Level 1:colcon.colcon_core.environment:create_file_with_runtime_dependencies(/home/ram/MRT/turtle/install/turtlebot3_navigation2/share/colcon-core/packages/turtlebot3_navigation2)
[1.748s] Level 1:colcon.colcon_core.environment:create_environment_scripts_only(turtlebot3_navigation2)
[1.748s] Level 1:colcon.colcon_core.environment:checking '/home/ram/MRT/turtle/install/turtlebot3_navigation2' for CMake module files
[1.749s] Level 1:colcon.colcon_core.environment:checking '/home/ram/MRT/turtle/install/turtlebot3_navigation2' for CMake config files
[1.749s] Level 1:colcon.colcon_core.shell:create_environment_hook('turtlebot3_navigation2', 'cmake_prefix_path')
[1.749s] INFO:colcon.colcon_core.shell:Creating environment hook '/home/ram/MRT/turtle/install/turtlebot3_navigation2/share/turtlebot3_navigation2/hook/cmake_prefix_path.ps1'
[1.750s] INFO:colcon.colcon_core.shell:Creating environment descriptor '/home/ram/MRT/turtle/install/turtlebot3_navigation2/share/turtlebot3_navigation2/hook/cmake_prefix_path.dsv'
[1.750s] INFO:colcon.colcon_core.shell:Creating environment hook '/home/ram/MRT/turtle/install/turtlebot3_navigation2/share/turtlebot3_navigation2/hook/cmake_prefix_path.sh'
[1.750s] Level 1:colcon.colcon_core.environment:checking '/home/ram/MRT/turtle/install/turtlebot3_navigation2/bin'
[1.751s] Level 1:colcon.colcon_core.environment:checking '/home/ram/MRT/turtle/install/turtlebot3_navigation2/lib/pkgconfig/turtlebot3_navigation2.pc'
[1.751s] Level 1:colcon.colcon_core.environment:checking '/home/ram/MRT/turtle/install/turtlebot3_navigation2/lib/python3.12/site-packages'
[1.751s] Level 1:colcon.colcon_core.environment:checking '/home/ram/MRT/turtle/install/turtlebot3_navigation2/bin'
[1.752s] INFO:colcon.colcon_core.shell:Creating package script '/home/ram/MRT/turtle/install/turtlebot3_navigation2/share/turtlebot3_navigation2/package.ps1'
[1.753s] INFO:colcon.colcon_core.shell:Creating package descriptor '/home/ram/MRT/turtle/install/turtlebot3_navigation2/share/turtlebot3_navigation2/package.dsv'
[1.754s] INFO:colcon.colcon_core.shell:Creating package script '/home/ram/MRT/turtle/install/turtlebot3_navigation2/share/turtlebot3_navigation2/package.sh'
[1.754s] INFO:colcon.colcon_core.shell:Creating package script '/home/ram/MRT/turtle/install/turtlebot3_navigation2/share/turtlebot3_navigation2/package.bash'
[1.755s] INFO:colcon.colcon_core.shell:Creating package script '/home/ram/MRT/turtle/install/turtlebot3_navigation2/share/turtlebot3_navigation2/package.zsh'
[1.755s] Level 1:colcon.colcon_core.environment:create_file_with_runtime_dependencies(/home/ram/MRT/turtle/install/turtlebot3_navigation2/share/colcon-core/packages/turtlebot3_navigation2)
[1.755s] INFO:colcon.colcon_ros.task.ament_python.build:Building ROS package in '/home/ram/MRT/turtle/src/turtlebot3/turtlebot3_slam_mrt' with build type 'ament_python'
[1.756s] Level 1:colcon.colcon_core.shell:create_environment_hook('turtlebot3_slam_mrt', 'ament_prefix_path')
[1.756s] INFO:colcon.colcon_core.shell:Creating environment hook '/home/ram/MRT/turtle/install/turtlebot3_slam_mrt/share/turtlebot3_slam_mrt/hook/ament_prefix_path.ps1'
[1.757s] INFO:colcon.colcon_core.shell:Creating environment descriptor '/home/ram/MRT/turtle/install/turtlebot3_slam_mrt/share/turtlebot3_slam_mrt/hook/ament_prefix_path.dsv'
[1.757s] INFO:colcon.colcon_core.shell:Creating environment hook '/home/ram/MRT/turtle/install/turtlebot3_slam_mrt/share/turtlebot3_slam_mrt/hook/ament_prefix_path.sh'
[1.758s] INFO:colcon.colcon_core.shell:Skip shell extension 'powershell' for command environment: Not usable outside of PowerShell
[1.758s] DEBUG:colcon.colcon_core.shell:Skip shell extension 'dsv' for command environment
[2.030s] INFO:colcon.colcon_core.task.python.build:Building Python package in '/home/ram/MRT/turtle/src/turtlebot3/turtlebot3_slam_mrt'
[2.030s] INFO:colcon.colcon_core.shell:Skip shell extension 'powershell' for command environment: Not usable outside of PowerShell
[2.030s] DEBUG:colcon.colcon_core.shell:Skip shell extension 'dsv' for command environment
[2.035s] Level 1:colcon.colcon_core.environment:create_environment_scripts_only(turtlebot3_description)
[2.036s] Level 1:colcon.colcon_core.environment:checking '/home/ram/MRT/turtle/install/turtlebot3_description' for CMake module files
[2.037s] DEBUG:colcon.colcon_core.event_handler.log_command:Invoked command in '/home/ram/MRT/turtle/build/turtlebot3_description' returned '0': CMAKE_PREFIX_PATH=${CMAKE_PREFIX_PATH}:/home/ram/MRT/turtle/install/turtlebot3_teleop:/home/ram/MRT/turtle/install/turtlebot3_slam_mrt:/home/ram/MRT/turtle/install/turtlebot3_example:/opt/ros/jazzy DEBUGINFOD_URLS=https://debuginfod.ubuntu.com /usr/bin/cmake --install /home/ram/MRT/turtle/build/turtlebot3_description
[2.038s] Level 1:colcon.colcon_core.environment:checking '/home/ram/MRT/turtle/install/turtlebot3_description' for CMake config files
[2.039s] Level 1:colcon.colcon_core.shell:create_environment_hook('turtlebot3_description', 'cmake_prefix_path')
[2.039s] INFO:colcon.colcon_core.shell:Creating environment hook '/home/ram/MRT/turtle/install/turtlebot3_description/share/turtlebot3_description/hook/cmake_prefix_path.ps1'
[2.040s] INFO:colcon.colcon_core.shell:Creating environment descriptor '/home/ram/MRT/turtle/install/turtlebot3_description/share/turtlebot3_description/hook/cmake_prefix_path.dsv'
[2.040s] INFO:colcon.colcon_core.shell:Creating environment hook '/home/ram/MRT/turtle/install/turtlebot3_description/share/turtlebot3_description/hook/cmake_prefix_path.sh'
[2.041s] Level 1:colcon.colcon_core.environment:checking '/home/ram/MRT/turtle/install/turtlebot3_description/bin'
[2.041s] Level 1:colcon.colcon_core.environment:checking '/home/ram/MRT/turtle/install/turtlebot3_description/lib/pkgconfig/turtlebot3_description.pc'
[2.041s] Level 1:colcon.colcon_core.environment:checking '/home/ram/MRT/turtle/install/turtlebot3_description/lib/python3.12/site-packages'
[2.041s] Level 1:colcon.colcon_core.environment:checking '/home/ram/MRT/turtle/install/turtlebot3_description/bin'
[2.042s] INFO:colcon.colcon_core.shell:Creating package script '/home/ram/MRT/turtle/install/turtlebot3_description/share/turtlebot3_description/package.ps1'
[2.042s] INFO:colcon.colcon_core.shell:Creating package descriptor '/home/ram/MRT/turtle/install/turtlebot3_description/share/turtlebot3_description/package.dsv'
[2.043s] INFO:colcon.colcon_core.shell:Creating package script '/home/ram/MRT/turtle/install/turtlebot3_description/share/turtlebot3_description/package.sh'
[2.044s] INFO:colcon.colcon_core.shell:Creating package script '/home/ram/MRT/turtle/install/turtlebot3_description/share/turtlebot3_description/package.bash'
[2.044s] INFO:colcon.colcon_core.shell:Creating package script '/home/ram/MRT/turtle/install/turtlebot3_description/share/turtlebot3_description/package.zsh'
[2.045s] Level 1:colcon.colcon_core.environment:create_file_with_runtime_dependencies(/home/ram/MRT/turtle/install/turtlebot3_description/share/colcon-core/packages/turtlebot3_description)
[2.046s] Level 1:colcon.colcon_core.environment:create_environment_scripts_only(turtlebot3_description)
[2.046s] Level 1:colcon.colcon_core.environment:checking '/home/ram/MRT/turtle/install/turtlebot3_description' for CMake module files
[2.047s] Level 1:colcon.colcon_core.environment:checking '/home/ram/MRT/turtle/install/turtlebot3_description' for CMake config files
[2.047s] Level 1:colcon.colcon_core.shell:create_environment_hook('turtlebot3_description', 'cmake_prefix_path')
[2.047s] INFO:colcon.colcon_core.shell:Creating environment hook '/home/ram/MRT/turtle/install/turtlebot3_description/share/turtlebot3_description/hook/cmake_prefix_path.ps1'
[2.048s] INFO:colcon.colcon_core.shell:Creating environment descriptor '/home/ram/MRT/turtle/install/turtlebot3_description/share/turtlebot3_description/hook/cmake_prefix_path.dsv'
[2.048s] INFO:colcon.colcon_core.shell:Creating environment hook '/home/ram/MRT/turtle/install/turtlebot3_description/share/turtlebot3_description/hook/cmake_prefix_path.sh'
[2.049s] Level 1:colcon.colcon_core.environment:checking '/home/ram/MRT/turtle/install/turtlebot3_description/bin'
[2.049s] Level 1:colcon.colcon_core.environment:checking '/home/ram/MRT/turtle/install/turtlebot3_description/lib/pkgconfig/turtlebot3_description.pc'
[2.049s] Level 1:colcon.colcon_core.environment:checking '/home/ram/MRT/turtle/install/turtlebot3_description/lib/python3.12/site-packages'
[2.050s] Level 1:colcon.colcon_core.environment:checking '/home/ram/MRT/turtle/install/turtlebot3_description/bin'
[2.050s] INFO:colcon.colcon_core.shell:Creating package script '/home/ram/MRT/turtle/install/turtlebot3_description/share/turtlebot3_description/package.ps1'
[2.052s] INFO:colcon.colcon_core.shell:Creating package descriptor '/home/ram/MRT/turtle/install/turtlebot3_description/share/turtlebot3_description/package.dsv'
[2.052s] INFO:colcon.colcon_core.shell:Creating package script '/home/ram/MRT/turtle/install/turtlebot3_description/share/turtlebot3_description/package.sh'
[2.053s] INFO:colcon.colcon_core.shell:Creating package script '/home/ram/MRT/turtle/install/turtlebot3_description/share/turtlebot3_description/package.bash'
[2.054s] INFO:colcon.colcon_core.shell:Creating package script '/home/ram/MRT/turtle/install/turtlebot3_description/share/turtlebot3_description/package.zsh'
[2.054s] Level 1:colcon.colcon_core.environment:create_file_with_runtime_dependencies(/home/ram/MRT/turtle/install/turtlebot3_description/share/colcon-core/packages/turtlebot3_description)
[2.100s] DEBUG:colcon.colcon_core.task.python.build:Available setuptools 'develop' options: --help, --site-dirs, --always-copy, --install-layout, --exclude-scripts, --editable, --install-dir, --egg-path, --optimize, --upgrade, --version, --find-links, --uninstall, --quiet, --no-deps, --user, --no-user-cfg, --always-unzip, --multi-version, --verbose, --script-dir, --local-snapshots-ok, --force-installation-into-system-dir, --dry-run, --allow-hosts, --record, --prefix, --index-url, --build-directory, --no-find-links, --zip-ok
[2.102s] DEBUG:colcon.colcon_core.event_handler.log_command:Invoking command in '/home/ram/MRT/turtle/build/turtlebot3_example': DEBUGINFOD_URLS=https://debuginfod.ubuntu.com PYTHONPATH=/home/ram/MRT/turtle/build/turtlebot3_example/prefix_override:/usr/lib/python3/dist-packages/colcon_core/task/python/colcon_distutils_commands:/home/ram/MRT/turtle/install/turtlebot3_example/lib/python3.12/site-packages:${PYTHONPATH} /usr/bin/python3 -W ignore:setup.py install is deprecated -W ignore:easy_install command is deprecated setup.py develop --editable --build-directory /home/ram/MRT/turtle/build/turtlebot3_example/build --no-deps symlink_data
[2.159s] DEBUG:colcon.colcon_core.task.python.build:Available setuptools 'develop' options: --help, --site-dirs, --always-copy, --install-layout, --exclude-scripts, --editable, --install-dir, --egg-path, --optimize, --upgrade, --version, --find-links, --uninstall, --quiet, --no-deps, --user, --no-user-cfg, --always-unzip, --multi-version, --verbose, --script-dir, --local-snapshots-ok, --force-installation-into-system-dir, --dry-run, --allow-hosts, --record, --prefix, --index-url, --build-directory, --no-find-links, --zip-ok
[2.161s] DEBUG:colcon.colcon_core.event_handler.log_command:Invoking command in '/home/ram/MRT/turtle/build/turtlebot3_teleop': DEBUGINFOD_URLS=https://debuginfod.ubuntu.com PYTHONPATH=/home/ram/MRT/turtle/build/turtlebot3_teleop/prefix_override:/usr/lib/python3/dist-packages/colcon_core/task/python/colcon_distutils_commands:/home/ram/MRT/turtle/install/turtlebot3_teleop/lib/python3.12/site-packages:${PYTHONPATH} /usr/bin/python3 -W ignore:setup.py install is deprecated -W ignore:easy_install command is deprecated setup.py develop --editable --build-directory /home/ram/MRT/turtle/build/turtlebot3_teleop/build --no-deps symlink_data
[2.346s] DEBUG:colcon.colcon_core.event_handler.log_command:Invoked command in '/home/ram/MRT/turtle/build/turtlebot3_node' returned '0': CMAKE_PREFIX_PATH=${CMAKE_PREFIX_PATH}:/home/ram/MRT/turtle/install/turtlebot3_teleop:/home/ram/MRT/turtle/install/turtlebot3_slam_mrt:/home/ram/MRT/turtle/install/turtlebot3_example:/opt/ros/jazzy DEBUGINFOD_URLS=https://debuginfod.ubuntu.com /usr/bin/cmake /home/ram/MRT/turtle/src/turtlebot3/turtlebot3_node -DAMENT_CMAKE_SYMLINK_INSTALL=1 -DCMAKE_INSTALL_PREFIX=/home/ram/MRT/turtle/install/turtlebot3_node
[2.347s] DEBUG:colcon.colcon_core.event_handler.log_command:Invoking command in '/home/ram/MRT/turtle/build/turtlebot3_node': CMAKE_PREFIX_PATH=${CMAKE_PREFIX_PATH}:/home/ram/MRT/turtle/install/turtlebot3_teleop:/home/ram/MRT/turtle/install/turtlebot3_slam_mrt:/home/ram/MRT/turtle/install/turtlebot3_example:/opt/ros/jazzy DEBUGINFOD_URLS=https://debuginfod.ubuntu.com /usr/bin/cmake --build /home/ram/MRT/turtle/build/turtlebot3_node -- -j12 -l12
[2.514s] DEBUG:colcon.colcon_core.event_handler.log_command:Invoked command in '/home/ram/MRT/turtle/build/turtlebot3_fake_node' returned '0': CMAKE_PREFIX_PATH=${CMAKE_PREFIX_PATH}:/home/ram/MRT/turtle/install/turtlebot3_teleop:/home/ram/MRT/turtle/install/turtlebot3_slam_mrt:/home/ram/MRT/turtle/install/turtlebot3_example:/opt/ros/jazzy DEBUGINFOD_URLS=https://debuginfod.ubuntu.com /usr/bin/cmake /home/ram/MRT/turtle/src/turtlebot3_simulations/turtlebot3_fake_node -DAMENT_CMAKE_SYMLINK_INSTALL=1 -DCMAKE_INSTALL_PREFIX=/home/ram/MRT/turtle/install/turtlebot3_fake_node
[2.515s] DEBUG:colcon.colcon_core.event_handler.log_command:Invoking command in '/home/ram/MRT/turtle/build/turtlebot3_fake_node': CMAKE_PREFIX_PATH=${CMAKE_PREFIX_PATH}:/home/ram/MRT/turtle/install/turtlebot3_teleop:/home/ram/MRT/turtle/install/turtlebot3_slam_mrt:/home/ram/MRT/turtle/install/turtlebot3_example:/opt/ros/jazzy DEBUGINFOD_URLS=https://debuginfod.ubuntu.com /usr/bin/cmake --build /home/ram/MRT/turtle/build/turtlebot3_fake_node -- -j12 -l12
[2.710s] DEBUG:colcon.colcon_core.task.python.build:Available setuptools commands: clean, install_lib, upload, upload_docs, init_catalog, bdist, install, editable_wheel, egg_info, alias, build_ext, install_egg_info, bdist_rpm, install_scripts, build_clib, install_data, symlink_data, compile_catalog, bdist_wheel, easy_install, build_scripts, build_py, test, register, sdist, develop, build, rotate, install_headers, check, extract_messages, bdist_dumb, saveopts, dist_info, setopt, bdist_egg, update_catalog
[2.841s] Level 1:colcon.colcon_core.shell:create_environment_hook('turtlebot3_example', 'pythonpath_develop')
[2.842s] DEBUG:colcon.colcon_core.event_handler.log_command:Invoked command in '/home/ram/MRT/turtle/build/turtlebot3_example' returned '0': DEBUGINFOD_URLS=https://debuginfod.ubuntu.com PYTHONPATH=/home/ram/MRT/turtle/build/turtlebot3_example/prefix_override:/usr/lib/python3/dist-packages/colcon_core/task/python/colcon_distutils_commands:/home/ram/MRT/turtle/install/turtlebot3_example/lib/python3.12/site-packages:${PYTHONPATH} /usr/bin/python3 -W ignore:setup.py install is deprecated -W ignore:easy_install command is deprecated setup.py develop --editable --build-directory /home/ram/MRT/turtle/build/turtlebot3_example/build --no-deps symlink_data
[2.842s] INFO:colcon.colcon_core.shell:Creating environment hook '/home/ram/MRT/turtle/build/turtlebot3_example/share/turtlebot3_example/hook/pythonpath_develop.ps1'
[2.843s] INFO:colcon.colcon_core.shell:Creating environment descriptor '/home/ram/MRT/turtle/build/turtlebot3_example/share/turtlebot3_example/hook/pythonpath_develop.dsv'
[2.843s] INFO:colcon.colcon_core.shell:Creating environment hook '/home/ram/MRT/turtle/build/turtlebot3_example/share/turtlebot3_example/hook/pythonpath_develop.sh'
[2.844s] Level 1:colcon.colcon_core.environment:checking '/home/ram/MRT/turtle/install/turtlebot3_example' for CMake module files
[2.844s] Level 1:colcon.colcon_core.environment:checking '/home/ram/MRT/turtle/install/turtlebot3_example' for CMake config files
[2.845s] Level 1:colcon.colcon_core.environment:checking '/home/ram/MRT/turtle/install/turtlebot3_example/lib'
[2.845s] Level 1:colcon.colcon_core.environment:checking '/home/ram/MRT/turtle/install/turtlebot3_example/bin'
[2.845s] Level 1:colcon.colcon_core.environment:checking '/home/ram/MRT/turtle/install/turtlebot3_example/lib/pkgconfig/turtlebot3_example.pc'
[2.846s] Level 1:colcon.colcon_core.environment:checking '/home/ram/MRT/turtle/install/turtlebot3_example/lib/python3.12/site-packages'
[2.846s] Level 1:colcon.colcon_core.shell:create_environment_hook('turtlebot3_example', 'pythonpath')
[2.846s] INFO:colcon.colcon_core.shell:Creating environment hook '/home/ram/MRT/turtle/install/turtlebot3_example/share/turtlebot3_example/hook/pythonpath.ps1'
[2.846s] INFO:colcon.colcon_core.shell:Creating environment descriptor '/home/ram/MRT/turtle/install/turtlebot3_example/share/turtlebot3_example/hook/pythonpath.dsv'
[2.847s] INFO:colcon.colcon_core.shell:Creating environment hook '/home/ram/MRT/turtle/install/turtlebot3_example/share/turtlebot3_example/hook/pythonpath.sh'
[2.847s] Level 1:colcon.colcon_core.environment:checking '/home/ram/MRT/turtle/install/turtlebot3_example/bin'
[2.847s] Level 1:colcon.colcon_core.environment:create_environment_scripts_only(turtlebot3_example)
[2.848s] INFO:colcon.colcon_core.shell:Creating package script '/home/ram/MRT/turtle/install/turtlebot3_example/share/turtlebot3_example/package.ps1'
[2.849s] INFO:colcon.colcon_core.shell:Creating package descriptor '/home/ram/MRT/turtle/install/turtlebot3_example/share/turtlebot3_example/package.dsv'
[2.849s] INFO:colcon.colcon_core.shell:Creating package script '/home/ram/MRT/turtle/install/turtlebot3_example/share/turtlebot3_example/package.sh'
[2.850s] INFO:colcon.colcon_core.shell:Creating package script '/home/ram/MRT/turtle/install/turtlebot3_example/share/turtlebot3_example/package.bash'
[2.850s] INFO:colcon.colcon_core.shell:Creating package script '/home/ram/MRT/turtle/install/turtlebot3_example/share/turtlebot3_example/package.zsh'
[2.851s] Level 1:colcon.colcon_core.environment:create_file_with_runtime_dependencies(/home/ram/MRT/turtle/install/turtlebot3_example/share/colcon-core/packages/turtlebot3_example)
[2.890s] Level 1:colcon.colcon_core.shell:create_environment_hook('turtlebot3_teleop', 'pythonpath_develop')
[2.890s] INFO:colcon.colcon_core.shell:Creating environment hook '/home/ram/MRT/turtle/build/turtlebot3_teleop/share/turtlebot3_teleop/hook/pythonpath_develop.ps1'
[2.891s] DEBUG:colcon.colcon_core.event_handler.log_command:Invoked command in '/home/ram/MRT/turtle/build/turtlebot3_teleop' returned '0': DEBUGINFOD_URLS=https://debuginfod.ubuntu.com PYTHONPATH=/home/ram/MRT/turtle/build/turtlebot3_teleop/prefix_override:/usr/lib/python3/dist-packages/colcon_core/task/python/colcon_distutils_commands:/home/ram/MRT/turtle/install/turtlebot3_teleop/lib/python3.12/site-packages:${PYTHONPATH} /usr/bin/python3 -W ignore:setup.py install is deprecated -W ignore:easy_install command is deprecated setup.py develop --editable --build-directory /home/ram/MRT/turtle/build/turtlebot3_teleop/build --no-deps symlink_data
[2.891s] INFO:colcon.colcon_core.shell:Creating environment descriptor '/home/ram/MRT/turtle/build/turtlebot3_teleop/share/turtlebot3_teleop/hook/pythonpath_develop.dsv'
[2.892s] INFO:colcon.colcon_core.shell:Creating environment hook '/home/ram/MRT/turtle/build/turtlebot3_teleop/share/turtlebot3_teleop/hook/pythonpath_develop.sh'
[2.892s] Level 1:colcon.colcon_core.environment:checking '/home/ram/MRT/turtle/install/turtlebot3_teleop' for CMake module files
[2.892s] Level 1:colcon.colcon_core.environment:checking '/home/ram/MRT/turtle/install/turtlebot3_teleop' for CMake config files
[2.893s] Level 1:colcon.colcon_core.environment:checking '/home/ram/MRT/turtle/install/turtlebot3_teleop/lib'
[2.893s] Level 1:colcon.colcon_core.environment:checking '/home/ram/MRT/turtle/install/turtlebot3_teleop/bin'
[2.893s] Level 1:colcon.colcon_core.environment:checking '/home/ram/MRT/turtle/install/turtlebot3_teleop/lib/pkgconfig/turtlebot3_teleop.pc'
[2.893s] Level 1:colcon.colcon_core.environment:checking '/home/ram/MRT/turtle/install/turtlebot3_teleop/lib/python3.12/site-packages'
[2.893s] Level 1:colcon.colcon_core.shell:create_environment_hook('turtlebot3_teleop', 'pythonpath')
[2.893s] INFO:colcon.colcon_core.shell:Creating environment hook '/home/ram/MRT/turtle/install/turtlebot3_teleop/share/turtlebot3_teleop/hook/pythonpath.ps1'
[2.894s] INFO:colcon.colcon_core.shell:Creating environment descriptor '/home/ram/MRT/turtle/install/turtlebot3_teleop/share/turtlebot3_teleop/hook/pythonpath.dsv'
[2.894s] INFO:colcon.colcon_core.shell:Creating environment hook '/home/ram/MRT/turtle/install/turtlebot3_teleop/share/turtlebot3_teleop/hook/pythonpath.sh'
[2.894s] Level 1:colcon.colcon_core.environment:checking '/home/ram/MRT/turtle/install/turtlebot3_teleop/bin'
[2.895s] Level 1:colcon.colcon_core.environment:create_environment_scripts_only(turtlebot3_teleop)
[2.895s] INFO:colcon.colcon_core.shell:Creating package script '/home/ram/MRT/turtle/install/turtlebot3_teleop/share/turtlebot3_teleop/package.ps1'
[2.895s] INFO:colcon.colcon_core.shell:Creating package descriptor '/home/ram/MRT/turtle/install/turtlebot3_teleop/share/turtlebot3_teleop/package.dsv'
[2.896s] INFO:colcon.colcon_core.shell:Creating package script '/home/ram/MRT/turtle/install/turtlebot3_teleop/share/turtlebot3_teleop/package.sh'
[2.896s] INFO:colcon.colcon_core.shell:Creating package script '/home/ram/MRT/turtle/install/turtlebot3_teleop/share/turtlebot3_teleop/package.bash'
[2.896s] INFO:colcon.colcon_core.shell:Creating package script '/home/ram/MRT/turtle/install/turtlebot3_teleop/share/turtlebot3_teleop/package.zsh'
[2.897s] Level 1:colcon.colcon_core.environment:create_file_with_runtime_dependencies(/home/ram/MRT/turtle/install/turtlebot3_teleop/share/colcon-core/packages/turtlebot3_teleop)
[3.074s] DEBUG:colcon.colcon_core.task.python.build:Available setuptools 'develop' options: --help, --site-dirs, --always-copy, --install-layout, --exclude-scripts, --editable, --install-dir, --egg-path, --optimize, --upgrade, --version, --find-links, --uninstall, --quiet, --no-deps, --user, --no-user-cfg, --always-unzip, --multi-version, --verbose, --script-dir, --local-snapshots-ok, --force-installation-into-system-dir, --dry-run, --allow-hosts, --record, --prefix, --index-url, --build-directory, --no-find-links, --zip-ok
[3.077s] DEBUG:colcon.colcon_core.event_handler.log_command:Invoking command in '/home/ram/MRT/turtle/build/turtlebot3_slam_mrt': CMAKE_PREFIX_PATH=/home/ram/MRT/turtle/install/turtlebot3_navigation2:/home/ram/MRT/turtle/install/turtlebot3:/home/ram/MRT/turtle/install/turtlebot3_simulations:/home/ram/MRT/turtle/install/turtlebot3_gazebo:/home/ram/MRT/turtle/install/turtlebot3_bringup:/home/ram/MRT/turtle/install/turtlebot3_node:/home/ram/MRT/turtle/install/turtlebot3_fake_node:/home/ram/MRT/turtle/install/turtlebot3_description:/home/ram/MRT/turtle/install/turtlebot3_cartographer:/opt/ros/jazzy/opt/gz_sim_vendor:/opt/ros/jazzy/opt/gz_sensors_vendor:/opt/ros/jazzy/opt/gz_physics_vendor:/opt/ros/jazzy/opt/sdformat_vendor:/opt/ros/jazzy/opt/gz_gui_vendor:/opt/ros/jazzy/opt/gz_transport_vendor:/opt/ros/jazzy/opt/gz_rendering_vendor:/opt/ros/jazzy/opt/gz_plugin_vendor:/opt/ros/jazzy/opt/gz_fuel_tools_vendor:/opt/ros/jazzy/opt/gz_msgs_vendor:/opt/ros/jazzy/opt/gz_common_vendor:/opt/ros/jazzy/opt/gz_math_vendor:/opt/ros/jazzy/opt/gz_utils_vendor:/opt/ros/jazzy/opt/gz_tools_vendor:/opt/ros/jazzy/opt/gz_ogre_next_vendor:/opt/ros/jazzy/opt/gz_dartsim_vendor:/opt/ros/jazzy/opt/gz_cmake_vendor DEBUGINFOD_URLS=https://debuginfod.ubuntu.com PYTHONPATH=/home/ram/MRT/turtle/build/turtlebot3_slam_mrt/prefix_override:/usr/lib/python3/dist-packages/colcon_core/task/python/colcon_distutils_commands:/home/ram/MRT/turtle/install/turtlebot3_slam_mrt/lib/python3.12/site-packages:${PYTHONPATH} /usr/bin/python3 -W ignore:setup.py install is deprecated -W ignore:easy_install command is deprecated setup.py develop --editable --build-directory /home/ram/MRT/turtle/build/turtlebot3_slam_mrt/build --no-deps symlink_data
[3.774s] Level 1:colcon.colcon_core.shell:create_environment_hook('turtlebot3_slam_mrt', 'pythonpath_develop')
[3.775s] DEBUG:colcon.colcon_core.event_handler.log_command:Invoked command in '/home/ram/MRT/turtle/build/turtlebot3_slam_mrt' returned '0': CMAKE_PREFIX_PATH=/home/ram/MRT/turtle/install/turtlebot3_navigation2:/home/ram/MRT/turtle/install/turtlebot3:/home/ram/MRT/turtle/install/turtlebot3_simulations:/home/ram/MRT/turtle/install/turtlebot3_gazebo:/home/ram/MRT/turtle/install/turtlebot3_bringup:/home/ram/MRT/turtle/install/turtlebot3_node:/home/ram/MRT/turtle/install/turtlebot3_fake_node:/home/ram/MRT/turtle/install/turtlebot3_description:/home/ram/MRT/turtle/install/turtlebot3_cartographer:/opt/ros/jazzy/opt/gz_sim_vendor:/opt/ros/jazzy/opt/gz_sensors_vendor:/opt/ros/jazzy/opt/gz_physics_vendor:/opt/ros/jazzy/opt/sdformat_vendor:/opt/ros/jazzy/opt/gz_gui_vendor:/opt/ros/jazzy/opt/gz_transport_vendor:/opt/ros/jazzy/opt/gz_rendering_vendor:/opt/ros/jazzy/opt/gz_plugin_vendor:/opt/ros/jazzy/opt/gz_fuel_tools_vendor:/opt/ros/jazzy/opt/gz_msgs_vendor:/opt/ros/jazzy/opt/gz_common_vendor:/opt/ros/jazzy/opt/gz_math_vendor:/opt/ros/jazzy/opt/gz_utils_vendor:/opt/ros/jazzy/opt/gz_tools_vendor:/opt/ros/jazzy/opt/gz_ogre_next_vendor:/opt/ros/jazzy/opt/gz_dartsim_vendor:/opt/ros/jazzy/opt/gz_cmake_vendor DEBUGINFOD_URLS=https://debuginfod.ubuntu.com PYTHONPATH=/home/ram/MRT/turtle/build/turtlebot3_slam_mrt/prefix_override:/usr/lib/python3/dist-packages/colcon_core/task/python/colcon_distutils_commands:/home/ram/MRT/turtle/install/turtlebot3_slam_mrt/lib/python3.12/site-packages:${PYTHONPATH} /usr/bin/python3 -W ignore:setup.py install is deprecated -W ignore:easy_install command is deprecated setup.py develop --editable --build-directory /home/ram/MRT/turtle/build/turtlebot3_slam_mrt/build --no-deps symlink_data
[3.775s] INFO:colcon.colcon_core.shell:Creating environment hook '/home/ram/MRT/turtle/build/turtlebot3_slam_mrt/share/turtlebot3_slam_mrt/hook/pythonpath_develop.ps1'
[3.776s] INFO:colcon.colcon_core.shell:Creating environment descriptor '/home/ram/MRT/turtle/build/turtlebot3_slam_mrt/share/turtlebot3_slam_mrt/hook/pythonpath_develop.dsv'
[3.777s] INFO:colcon.colcon_core.shell:Creating environment hook '/home/ram/MRT/turtle/build/turtlebot3_slam_mrt/share/turtlebot3_slam_mrt/hook/pythonpath_develop.sh'
[3.777s] Level 1:colcon.colcon_core.environment:checking '/home/ram/MRT/turtle/install/turtlebot3_slam_mrt' for CMake module files
[3.778s] Level 1:colcon.colcon_core.environment:checking '/home/ram/MRT/turtle/install/turtlebot3_slam_mrt' for CMake config files
[3.779s] Level 1:colcon.colcon_core.environment:checking '/home/ram/MRT/turtle/install/turtlebot3_slam_mrt/lib'
[3.780s] Level 1:colcon.colcon_core.environment:checking '/home/ram/MRT/turtle/install/turtlebot3_slam_mrt/bin'
[3.780s] Level 1:colcon.colcon_core.environment:checking '/home/ram/MRT/turtle/install/turtlebot3_slam_mrt/lib/pkgconfig/turtlebot3_slam_mrt.pc'
[3.780s] Level 1:colcon.colcon_core.environment:checking '/home/ram/MRT/turtle/install/turtlebot3_slam_mrt/lib/python3.12/site-packages'
[3.780s] Level 1:colcon.colcon_core.shell:create_environment_hook('turtlebot3_slam_mrt', 'pythonpath')
[3.781s] INFO:colcon.colcon_core.shell:Creating environment hook '/home/ram/MRT/turtle/install/turtlebot3_slam_mrt/share/turtlebot3_slam_mrt/hook/pythonpath.ps1'
[3.781s] INFO:colcon.colcon_core.shell:Creating environment descriptor '/home/ram/MRT/turtle/install/turtlebot3_slam_mrt/share/turtlebot3_slam_mrt/hook/pythonpath.dsv'
[3.782s] INFO:colcon.colcon_core.shell:Creating environment hook '/home/ram/MRT/turtle/install/turtlebot3_slam_mrt/share/turtlebot3_slam_mrt/hook/pythonpath.sh'
[3.783s] Level 1:colcon.colcon_core.environment:checking '/home/ram/MRT/turtle/install/turtlebot3_slam_mrt/bin'
[3.784s] Level 1:colcon.colcon_core.environment:create_environment_scripts_only(turtlebot3_slam_mrt)
[3.784s] INFO:colcon.colcon_core.shell:Creating package script '/home/ram/MRT/turtle/install/turtlebot3_slam_mrt/share/turtlebot3_slam_mrt/package.ps1'
[3.785s] INFO:colcon.colcon_core.shell:Creating package descriptor '/home/ram/MRT/turtle/install/turtlebot3_slam_mrt/share/turtlebot3_slam_mrt/package.dsv'
[3.786s] INFO:colcon.colcon_core.shell:Creating package script '/home/ram/MRT/turtle/install/turtlebot3_slam_mrt/share/turtlebot3_slam_mrt/package.sh'
[3.787s] INFO:colcon.colcon_core.shell:Creating package script '/home/ram/MRT/turtle/install/turtlebot3_slam_mrt/share/turtlebot3_slam_mrt/package.bash'
[3.787s] INFO:colcon.colcon_core.shell:Creating package script '/home/ram/MRT/turtle/install/turtlebot3_slam_mrt/share/turtlebot3_slam_mrt/package.zsh'
[3.788s] Level 1:colcon.colcon_core.environment:create_file_with_runtime_dependencies(/home/ram/MRT/turtle/install/turtlebot3_slam_mrt/share/colcon-core/packages/turtlebot3_slam_mrt)
[3.789s] INFO:colcon.colcon_ros.task.ament_cmake.build:Building ROS package in '/home/ram/MRT/turtle/src/turtlebot3_simulations/turtlebot3_gazebo' with build type 'ament_cmake'
[3.789s] INFO:colcon.colcon_cmake.task.cmake.build:Building CMake package in '/home/ram/MRT/turtle/src/turtlebot3_simulations/turtlebot3_gazebo'
[3.789s] INFO:colcon.colcon_core.shell:Skip shell extension 'powershell' for command environment: Not usable outside of PowerShell
[3.789s] DEBUG:colcon.colcon_core.shell:Skip shell extension 'dsv' for command environment
[3.815s] DEBUG:colcon.colcon_core.event_handler.log_command:Invoking command in '/home/ram/MRT/turtle/build/turtlebot3_gazebo': AMENT_PREFIX_PATH=/home/ram/MRT/turtle/install/turtlebot3_slam_mrt:/home/ram/MRT/turtle/install/turtlebot3:/home/ram/MRT/turtle/install/turtlebot3_teleop:/home/ram/MRT/turtle/install/turtlebot3_simulations:/home/ram/MRT/turtle/install/turtlebot3_gazebo:/home/ram/MRT/turtle/install/turtlebot3_bringup:/home/ram/MRT/turtle/install/turtlebot3_node:/home/ram/MRT/turtle/install/turtlebot3_navigation2:/home/ram/MRT/turtle/install/turtlebot3_fake_node:/home/ram/MRT/turtle/install/turtlebot3_example:/home/ram/MRT/turtle/install/turtlebot3_description:/home/ram/MRT/turtle/install/turtlebot3_cartographer:/opt/ros/jazzy CMAKE_PREFIX_PATH=/home/ram/MRT/turtle/install/turtlebot3_navigation2:/home/ram/MRT/turtle/install/turtlebot3:/home/ram/MRT/turtle/install/turtlebot3_simulations:/home/ram/MRT/turtle/install/turtlebot3_gazebo:/home/ram/MRT/turtle/install/turtlebot3_bringup:/home/ram/MRT/turtle/install/turtlebot3_node:/home/ram/MRT/turtle/install/turtlebot3_fake_node:/home/ram/MRT/turtle/install/turtlebot3_description:/home/ram/MRT/turtle/install/turtlebot3_cartographer:/opt/ros/jazzy/opt/gz_sim_vendor:/opt/ros/jazzy/opt/gz_sensors_vendor:/opt/ros/jazzy/opt/gz_physics_vendor:/opt/ros/jazzy/opt/sdformat_vendor:/opt/ros/jazzy/opt/gz_gui_vendor:/opt/ros/jazzy/opt/gz_transport_vendor:/opt/ros/jazzy/opt/gz_rendering_vendor:/opt/ros/jazzy/opt/gz_plugin_vendor:/opt/ros/jazzy/opt/gz_fuel_tools_vendor:/opt/ros/jazzy/opt/gz_msgs_vendor:/opt/ros/jazzy/opt/gz_common_vendor:/opt/ros/jazzy/opt/gz_math_vendor:/opt/ros/jazzy/opt/gz_utils_vendor:/opt/ros/jazzy/opt/gz_tools_vendor:/opt/ros/jazzy/opt/gz_ogre_next_vendor:/opt/ros/jazzy/opt/gz_dartsim_vendor:/opt/ros/jazzy/opt/gz_cmake_vendor:/home/ram/MRT/turtle/install/turtlebot3_teleop:/home/ram/MRT/turtle/install/turtlebot3_slam_mrt:/home/ram/MRT/turtle/install/turtlebot3_example:/opt/ros/jazzy DEBUGINFOD_URLS=https://debuginfod.ubuntu.com PYTHONPATH=/home/ram/MRT/turtle/build/turtlebot3_slam_mrt:/home/ram/MRT/turtle/install/turtlebot3_slam_mrt/lib/python3.12/site-packages:/home/ram/MRT/turtle/build/turtlebot3_teleop:/home/ram/MRT/turtle/build/turtlebot3_example:/home/ram/MRT/turtle/install/turtlebot3_teleop/lib/python3.12/site-packages:/home/ram/MRT/turtle/install/turtlebot3_example/lib/python3.12/site-packages:/opt/ros/jazzy/lib/python3.12/site-packages /usr/bin/cmake /home/ram/MRT/turtle/src/turtlebot3_simulations/turtlebot3_gazebo -DAMENT_CMAKE_SYMLINK_INSTALL=1 -DCMAKE_INSTALL_PREFIX=/home/ram/MRT/turtle/install/turtlebot3_gazebo
[7.907s] DEBUG:colcon.colcon_core.event_handler.log_command:Invoked command in '/home/ram/MRT/turtle/build/turtlebot3_gazebo' returned '0': AMENT_PREFIX_PATH=/home/ram/MRT/turtle/install/turtlebot3_slam_mrt:/home/ram/MRT/turtle/install/turtlebot3:/home/ram/MRT/turtle/install/turtlebot3_teleop:/home/ram/MRT/turtle/install/turtlebot3_simulations:/home/ram/MRT/turtle/install/turtlebot3_gazebo:/home/ram/MRT/turtle/install/turtlebot3_bringup:/home/ram/MRT/turtle/install/turtlebot3_node:/home/ram/MRT/turtle/install/turtlebot3_navigation2:/home/ram/MRT/turtle/install/turtlebot3_fake_node:/home/ram/MRT/turtle/install/turtlebot3_example:/home/ram/MRT/turtle/install/turtlebot3_description:/home/ram/MRT/turtle/install/turtlebot3_cartographer:/opt/ros/jazzy CMAKE_PREFIX_PATH=/home/ram/MRT/turtle/install/turtlebot3_navigation2:/home/ram/MRT/turtle/install/turtlebot3:/home/ram/MRT/turtle/install/turtlebot3_simulations:/home/ram/MRT/turtle/install/turtlebot3_gazebo:/home/ram/MRT/turtle/install/turtlebot3_bringup:/home/ram/MRT/turtle/install/turtlebot3_node:/home/ram/MRT/turtle/install/turtlebot3_fake_node:/home/ram/MRT/turtle/install/turtlebot3_description:/home/ram/MRT/turtle/install/turtlebot3_cartographer:/opt/ros/jazzy/opt/gz_sim_vendor:/opt/ros/jazzy/opt/gz_sensors_vendor:/opt/ros/jazzy/opt/gz_physics_vendor:/opt/ros/jazzy/opt/sdformat_vendor:/opt/ros/jazzy/opt/gz_gui_vendor:/opt/ros/jazzy/opt/gz_transport_vendor:/opt/ros/jazzy/opt/gz_rendering_vendor:/opt/ros/jazzy/opt/gz_plugin_vendor:/opt/ros/jazzy/opt/gz_fuel_tools_vendor:/opt/ros/jazzy/opt/gz_msgs_vendor:/opt/ros/jazzy/opt/gz_common_vendor:/opt/ros/jazzy/opt/gz_math_vendor:/opt/ros/jazzy/opt/gz_utils_vendor:/opt/ros/jazzy/opt/gz_tools_vendor:/opt/ros/jazzy/opt/gz_ogre_next_vendor:/opt/ros/jazzy/opt/gz_dartsim_vendor:/opt/ros/jazzy/opt/gz_cmake_vendor:/home/ram/MRT/turtle/install/turtlebot3_teleop:/home/ram/MRT/turtle/install/turtlebot3_slam_mrt:/home/ram/MRT/turtle/install/turtlebot3_example:/opt/ros/jazzy DEBUGINFOD_URLS=https://debuginfod.ubuntu.com PYTHONPATH=/home/ram/MRT/turtle/build/turtlebot3_slam_mrt:/home/ram/MRT/turtle/install/turtlebot3_slam_mrt/lib/python3.12/site-packages:/home/ram/MRT/turtle/build/turtlebot3_teleop:/home/ram/MRT/turtle/build/turtlebot3_example:/home/ram/MRT/turtle/install/turtlebot3_teleop/lib/python3.12/site-packages:/home/ram/MRT/turtle/install/turtlebot3_example/lib/python3.12/site-packages:/opt/ros/jazzy/lib/python3.12/site-packages /usr/bin/cmake /home/ram/MRT/turtle/src/turtlebot3_simulations/turtlebot3_gazebo -DAMENT_CMAKE_SYMLINK_INSTALL=1 -DCMAKE_INSTALL_PREFIX=/home/ram/MRT/turtle/install/turtlebot3_gazebo
[7.909s] DEBUG:colcon.colcon_core.event_handler.log_command:Invoking command in '/home/ram/MRT/turtle/build/turtlebot3_gazebo': AMENT_PREFIX_PATH=/home/ram/MRT/turtle/install/turtlebot3_slam_mrt:/home/ram/MRT/turtle/install/turtlebot3:/home/ram/MRT/turtle/install/turtlebot3_teleop:/home/ram/MRT/turtle/install/turtlebot3_simulations:/home/ram/MRT/turtle/install/turtlebot3_gazebo:/home/ram/MRT/turtle/install/turtlebot3_bringup:/home/ram/MRT/turtle/install/turtlebot3_node:/home/ram/MRT/turtle/install/turtlebot3_navigation2:/home/ram/MRT/turtle/install/turtlebot3_fake_node:/home/ram/MRT/turtle/install/turtlebot3_example:/home/ram/MRT/turtle/install/turtlebot3_description:/home/ram/MRT/turtle/install/turtlebot3_cartographer:/opt/ros/jazzy CMAKE_PREFIX_PATH=/home/ram/MRT/turtle/install/turtlebot3_navigation2:/home/ram/MRT/turtle/install/turtlebot3:/home/ram/MRT/turtle/install/turtlebot3_simulations:/home/ram/MRT/turtle/install/turtlebot3_gazebo:/home/ram/MRT/turtle/install/turtlebot3_bringup:/home/ram/MRT/turtle/install/turtlebot3_node:/home/ram/MRT/turtle/install/turtlebot3_fake_node:/home/ram/MRT/turtle/install/turtlebot3_description:/home/ram/MRT/turtle/install/turtlebot3_cartographer:/opt/ros/jazzy/opt/gz_sim_vendor:/opt/ros/jazzy/opt/gz_sensors_vendor:/opt/ros/jazzy/opt/gz_physics_vendor:/opt/ros/jazzy/opt/sdformat_vendor:/opt/ros/jazzy/opt/gz_gui_vendor:/opt/ros/jazzy/opt/gz_transport_vendor:/opt/ros/jazzy/opt/gz_rendering_vendor:/opt/ros/jazzy/opt/gz_plugin_vendor:/opt/ros/jazzy/opt/gz_fuel_tools_vendor:/opt/ros/jazzy/opt/gz_msgs_vendor:/opt/ros/jazzy/opt/gz_common_vendor:/opt/ros/jazzy/opt/gz_math_vendor:/opt/ros/jazzy/opt/gz_utils_vendor:/opt/ros/jazzy/opt/gz_tools_vendor:/opt/ros/jazzy/opt/gz_ogre_next_vendor:/opt/ros/jazzy/opt/gz_dartsim_vendor:/opt/ros/jazzy/opt/gz_cmake_vendor:/home/ram/MRT/turtle/install/turtlebot3_teleop:/home/ram/MRT/turtle/install/turtlebot3_slam_mrt:/home/ram/MRT/turtle/install/turtlebot3_example:/opt/ros/jazzy DEBUGINFOD_URLS=https://debuginfod.ubuntu.com PYTHONPATH=/home/ram/MRT/turtle/build/turtlebot3_slam_mrt:/home/ram/MRT/turtle/install/turtlebot3_slam_mrt/lib/python3.12/site-packages:/home/ram/MRT/turtle/build/turtlebot3_teleop:/home/ram/MRT/turtle/build/turtlebot3_example:/home/ram/MRT/turtle/install/turtlebot3_teleop/lib/python3.12/site-packages:/home/ram/MRT/turtle/install/turtlebot3_example/lib/python3.12/site-packages:/opt/ros/jazzy/lib/python3.12/site-packages /usr/bin/cmake --build /home/ram/MRT/turtle/build/turtlebot3_gazebo -- -j12 -l12
[12.390s] DEBUG:colcon.colcon_core.event_handler.log_command:Invoked command in '/home/ram/MRT/turtle/build/turtlebot3_fake_node' returned '0': CMAKE_PREFIX_PATH=${CMAKE_PREFIX_PATH}:/home/ram/MRT/turtle/install/turtlebot3_teleop:/home/ram/MRT/turtle/install/turtlebot3_slam_mrt:/home/ram/MRT/turtle/install/turtlebot3_example:/opt/ros/jazzy DEBUGINFOD_URLS=https://debuginfod.ubuntu.com /usr/bin/cmake --build /home/ram/MRT/turtle/build/turtlebot3_fake_node -- -j12 -l12
[12.392s] DEBUG:colcon.colcon_core.event_handler.log_command:Invoking command in '/home/ram/MRT/turtle/build/turtlebot3_fake_node': CMAKE_PREFIX_PATH=${CMAKE_PREFIX_PATH}:/home/ram/MRT/turtle/install/turtlebot3_teleop:/home/ram/MRT/turtle/install/turtlebot3_slam_mrt:/home/ram/MRT/turtle/install/turtlebot3_example:/opt/ros/jazzy DEBUGINFOD_URLS=https://debuginfod.ubuntu.com /usr/bin/cmake --install /home/ram/MRT/turtle/build/turtlebot3_fake_node
[12.695s] Level 1:colcon.colcon_core.environment:create_environment_scripts_only(turtlebot3_fake_node)
[12.696s] Level 1:colcon.colcon_core.environment:checking '/home/ram/MRT/turtle/install/turtlebot3_fake_node' for CMake module files
[12.696s] DEBUG:colcon.colcon_core.event_handler.log_command:Invoked command in '/home/ram/MRT/turtle/build/turtlebot3_fake_node' returned '0': CMAKE_PREFIX_PATH=${CMAKE_PREFIX_PATH}:/home/ram/MRT/turtle/install/turtlebot3_teleop:/home/ram/MRT/turtle/install/turtlebot3_slam_mrt:/home/ram/MRT/turtle/install/turtlebot3_example:/opt/ros/jazzy DEBUGINFOD_URLS=https://debuginfod.ubuntu.com /usr/bin/cmake --install /home/ram/MRT/turtle/build/turtlebot3_fake_node
[12.697s] Level 1:colcon.colcon_core.environment:checking '/home/ram/MRT/turtle/install/turtlebot3_fake_node' for CMake config files
[12.698s] Level 1:colcon.colcon_core.shell:create_environment_hook('turtlebot3_fake_node', 'cmake_prefix_path')
[12.698s] INFO:colcon.colcon_core.shell:Creating environment hook '/home/ram/MRT/turtle/install/turtlebot3_fake_node/share/turtlebot3_fake_node/hook/cmake_prefix_path.ps1'
[12.699s] INFO:colcon.colcon_core.shell:Creating environment descriptor '/home/ram/MRT/turtle/install/turtlebot3_fake_node/share/turtlebot3_fake_node/hook/cmake_prefix_path.dsv'
[12.699s] INFO:colcon.colcon_core.shell:Creating environment hook '/home/ram/MRT/turtle/install/turtlebot3_fake_node/share/turtlebot3_fake_node/hook/cmake_prefix_path.sh'
[12.700s] Level 1:colcon.colcon_core.environment:checking '/home/ram/MRT/turtle/install/turtlebot3_fake_node/lib'
[12.701s] Level 1:colcon.colcon_core.environment:checking '/home/ram/MRT/turtle/install/turtlebot3_fake_node/bin'
[12.701s] Level 1:colcon.colcon_core.environment:checking '/home/ram/MRT/turtle/install/turtlebot3_fake_node/lib/pkgconfig/turtlebot3_fake_node.pc'
[12.701s] Level 1:colcon.colcon_core.environment:checking '/home/ram/MRT/turtle/install/turtlebot3_fake_node/lib/python3.12/site-packages'
[12.702s] Level 1:colcon.colcon_core.environment:checking '/home/ram/MRT/turtle/install/turtlebot3_fake_node/bin'
[12.702s] INFO:colcon.colcon_core.shell:Creating package script '/home/ram/MRT/turtle/install/turtlebot3_fake_node/share/turtlebot3_fake_node/package.ps1'
[12.703s] INFO:colcon.colcon_core.shell:Creating package descriptor '/home/ram/MRT/turtle/install/turtlebot3_fake_node/share/turtlebot3_fake_node/package.dsv'
[12.704s] INFO:colcon.colcon_core.shell:Creating package script '/home/ram/MRT/turtle/install/turtlebot3_fake_node/share/turtlebot3_fake_node/package.sh'
[12.704s] INFO:colcon.colcon_core.shell:Creating package script '/home/ram/MRT/turtle/install/turtlebot3_fake_node/share/turtlebot3_fake_node/package.bash'
[12.705s] INFO:colcon.colcon_core.shell:Creating package script '/home/ram/MRT/turtle/install/turtlebot3_fake_node/share/turtlebot3_fake_node/package.zsh'
[12.706s] Level 1:colcon.colcon_core.environment:create_file_with_runtime_dependencies(/home/ram/MRT/turtle/install/turtlebot3_fake_node/share/colcon-core/packages/turtlebot3_fake_node)
[12.707s] Level 1:colcon.colcon_core.environment:create_environment_scripts_only(turtlebot3_fake_node)
[12.707s] Level 1:colcon.colcon_core.environment:checking '/home/ram/MRT/turtle/install/turtlebot3_fake_node' for CMake module files
[12.708s] Level 1:colcon.colcon_core.environment:checking '/home/ram/MRT/turtle/install/turtlebot3_fake_node' for CMake config files
[12.708s] Level 1:colcon.colcon_core.shell:create_environment_hook('turtlebot3_fake_node', 'cmake_prefix_path')
[12.709s] INFO:colcon.colcon_core.shell:Creating environment hook '/home/ram/MRT/turtle/install/turtlebot3_fake_node/share/turtlebot3_fake_node/hook/cmake_prefix_path.ps1'
[12.709s] INFO:colcon.colcon_core.shell:Creating environment descriptor '/home/ram/MRT/turtle/install/turtlebot3_fake_node/share/turtlebot3_fake_node/hook/cmake_prefix_path.dsv'
[12.710s] INFO:colcon.colcon_core.shell:Creating environment hook '/home/ram/MRT/turtle/install/turtlebot3_fake_node/share/turtlebot3_fake_node/hook/cmake_prefix_path.sh'
[12.711s] Level 1:colcon.colcon_core.environment:checking '/home/ram/MRT/turtle/install/turtlebot3_fake_node/lib'
[12.711s] Level 1:colcon.colcon_core.environment:checking '/home/ram/MRT/turtle/install/turtlebot3_fake_node/bin'
[12.711s] Level 1:colcon.colcon_core.environment:checking '/home/ram/MRT/turtle/install/turtlebot3_fake_node/lib/pkgconfig/turtlebot3_fake_node.pc'
[12.712s] Level 1:colcon.colcon_core.environment:checking '/home/ram/MRT/turtle/install/turtlebot3_fake_node/lib/python3.12/site-packages'
[12.712s] Level 1:colcon.colcon_core.environment:checking '/home/ram/MRT/turtle/install/turtlebot3_fake_node/bin'
[12.713s] INFO:colcon.colcon_core.shell:Creating package script '/home/ram/MRT/turtle/install/turtlebot3_fake_node/share/turtlebot3_fake_node/package.ps1'
[12.714s] INFO:colcon.colcon_core.shell:Creating package descriptor '/home/ram/MRT/turtle/install/turtlebot3_fake_node/share/turtlebot3_fake_node/package.dsv'
[12.715s] INFO:colcon.colcon_core.shell:Creating package script '/home/ram/MRT/turtle/install/turtlebot3_fake_node/share/turtlebot3_fake_node/package.sh'
[12.716s] INFO:colcon.colcon_core.shell:Creating package script '/home/ram/MRT/turtle/install/turtlebot3_fake_node/share/turtlebot3_fake_node/package.bash'
[12.716s] INFO:colcon.colcon_core.shell:Creating package script '/home/ram/MRT/turtle/install/turtlebot3_fake_node/share/turtlebot3_fake_node/package.zsh'
[12.717s] Level 1:colcon.colcon_core.environment:create_file_with_runtime_dependencies(/home/ram/MRT/turtle/install/turtlebot3_fake_node/share/colcon-core/packages/turtlebot3_fake_node)
[24.747s] DEBUG:colcon.colcon_core.event_handler.log_command:Invoked command in '/home/ram/MRT/turtle/build/turtlebot3_gazebo' returned '0': AMENT_PREFIX_PATH=/home/ram/MRT/turtle/install/turtlebot3_slam_mrt:/home/ram/MRT/turtle/install/turtlebot3:/home/ram/MRT/turtle/install/turtlebot3_teleop:/home/ram/MRT/turtle/install/turtlebot3_simulations:/home/ram/MRT/turtle/install/turtlebot3_gazebo:/home/ram/MRT/turtle/install/turtlebot3_bringup:/home/ram/MRT/turtle/install/turtlebot3_node:/home/ram/MRT/turtle/install/turtlebot3_navigation2:/home/ram/MRT/turtle/install/turtlebot3_fake_node:/home/ram/MRT/turtle/install/turtlebot3_example:/home/ram/MRT/turtle/install/turtlebot3_description:/home/ram/MRT/turtle/install/turtlebot3_cartographer:/opt/ros/jazzy CMAKE_PREFIX_PATH=/home/ram/MRT/turtle/install/turtlebot3_navigation2:/home/ram/MRT/turtle/install/turtlebot3:/home/ram/MRT/turtle/install/turtlebot3_simulations:/home/ram/MRT/turtle/install/turtlebot3_gazebo:/home/ram/MRT/turtle/install/turtlebot3_bringup:/home/ram/MRT/turtle/install/turtlebot3_node:/home/ram/MRT/turtle/install/turtlebot3_fake_node:/home/ram/MRT/turtle/install/turtlebot3_description:/home/ram/MRT/turtle/install/turtlebot3_cartographer:/opt/ros/jazzy/opt/gz_sim_vendor:/opt/ros/jazzy/opt/gz_sensors_vendor:/opt/ros/jazzy/opt/gz_physics_vendor:/opt/ros/jazzy/opt/sdformat_vendor:/opt/ros/jazzy/opt/gz_gui_vendor:/opt/ros/jazzy/opt/gz_transport_vendor:/opt/ros/jazzy/opt/gz_rendering_vendor:/opt/ros/jazzy/opt/gz_plugin_vendor:/opt/ros/jazzy/opt/gz_fuel_tools_vendor:/opt/ros/jazzy/opt/gz_msgs_vendor:/opt/ros/jazzy/opt/gz_common_vendor:/opt/ros/jazzy/opt/gz_math_vendor:/opt/ros/jazzy/opt/gz_utils_vendor:/opt/ros/jazzy/opt/gz_tools_vendor:/opt/ros/jazzy/opt/gz_ogre_next_vendor:/opt/ros/jazzy/opt/gz_dartsim_vendor:/opt/ros/jazzy/opt/gz_cmake_vendor:/home/ram/MRT/turtle/install/turtlebot3_teleop:/home/ram/MRT/turtle/install/turtlebot3_slam_mrt:/home/ram/MRT/turtle/install/turtlebot3_example:/opt/ros/jazzy DEBUGINFOD_URLS=https://debuginfod.ubuntu.com PYTHONPATH=/home/ram/MRT/turtle/build/turtlebot3_slam_mrt:/home/ram/MRT/turtle/install/turtlebot3_slam_mrt/lib/python3.12/site-packages:/home/ram/MRT/turtle/build/turtlebot3_teleop:/home/ram/MRT/turtle/build/turtlebot3_example:/home/ram/MRT/turtle/install/turtlebot3_teleop/lib/python3.12/site-packages:/home/ram/MRT/turtle/install/turtlebot3_example/lib/python3.12/site-packages:/opt/ros/jazzy/lib/python3.12/site-packages /usr/bin/cmake --build /home/ram/MRT/turtle/build/turtlebot3_gazebo -- -j12 -l12
[24.748s] DEBUG:colcon.colcon_core.event_handler.log_command:Invoking command in '/home/ram/MRT/turtle/build/turtlebot3_gazebo': AMENT_PREFIX_PATH=/home/ram/MRT/turtle/install/turtlebot3_slam_mrt:/home/ram/MRT/turtle/install/turtlebot3:/home/ram/MRT/turtle/install/turtlebot3_teleop:/home/ram/MRT/turtle/install/turtlebot3_simulations:/home/ram/MRT/turtle/install/turtlebot3_gazebo:/home/ram/MRT/turtle/install/turtlebot3_bringup:/home/ram/MRT/turtle/install/turtlebot3_node:/home/ram/MRT/turtle/install/turtlebot3_navigation2:/home/ram/MRT/turtle/install/turtlebot3_fake_node:/home/ram/MRT/turtle/install/turtlebot3_example:/home/ram/MRT/turtle/install/turtlebot3_description:/home/ram/MRT/turtle/install/turtlebot3_cartographer:/opt/ros/jazzy CMAKE_PREFIX_PATH=/home/ram/MRT/turtle/install/turtlebot3_navigation2:/home/ram/MRT/turtle/install/turtlebot3:/home/ram/MRT/turtle/install/turtlebot3_simulations:/home/ram/MRT/turtle/install/turtlebot3_gazebo:/home/ram/MRT/turtle/install/turtlebot3_bringup:/home/ram/MRT/turtle/install/turtlebot3_node:/home/ram/MRT/turtle/install/turtlebot3_fake_node:/home/ram/MRT/turtle/install/turtlebot3_description:/home/ram/MRT/turtle/install/turtlebot3_cartographer:/opt/ros/jazzy/opt/gz_sim_vendor:/opt/ros/jazzy/opt/gz_sensors_vendor:/opt/ros/jazzy/opt/gz_physics_vendor:/opt/ros/jazzy/opt/sdformat_vendor:/opt/ros/jazzy/opt/gz_gui_vendor:/opt/ros/jazzy/opt/gz_transport_vendor:/opt/ros/jazzy/opt/gz_rendering_vendor:/opt/ros/jazzy/opt/gz_plugin_vendor:/opt/ros/jazzy/opt/gz_fuel_tools_vendor:/opt/ros/jazzy/opt/gz_msgs_vendor:/opt/ros/jazzy/opt/gz_common_vendor:/opt/ros/jazzy/opt/gz_math_vendor:/opt/ros/jazzy/opt/gz_utils_vendor:/opt/ros/jazzy/opt/gz_tools_vendor:/opt/ros/jazzy/opt/gz_ogre_next_vendor:/opt/ros/jazzy/opt/gz_dartsim_vendor:/opt/ros/jazzy/opt/gz_cmake_vendor:/home/ram/MRT/turtle/install/turtlebot3_teleop:/home/ram/MRT/turtle/install/turtlebot3_slam_mrt:/home/ram/MRT/turtle/install/turtlebot3_example:/opt/ros/jazzy DEBUGINFOD_URLS=https://debuginfod.ubuntu.com PYTHONPATH=/home/ram/MRT/turtle/build/turtlebot3_slam_mrt:/home/ram/MRT/turtle/install/turtlebot3_slam_mrt/lib/python3.12/site-packages:/home/ram/MRT/turtle/build/turtlebot3_teleop:/home/ram/MRT/turtle/build/turtlebot3_example:/home/ram/MRT/turtle/install/turtlebot3_teleop/lib/python3.12/site-packages:/home/ram/MRT/turtle/install/turtlebot3_example/lib/python3.12/site-packages:/opt/ros/jazzy/lib/python3.12/site-packages /usr/bin/cmake --install /home/ram/MRT/turtle/build/turtlebot3_gazebo
[26.362s] Level 1:colcon.colcon_core.environment:create_environment_scripts_only(turtlebot3_gazebo)
[26.362s] Level 1:colcon.colcon_core.environment:checking '/home/ram/MRT/turtle/install/turtlebot3_gazebo' for CMake module files
[26.363s] DEBUG:colcon.colcon_core.event_handler.log_command:Invoked command in '/home/ram/MRT/turtle/build/turtlebot3_gazebo' returned '0': AMENT_PREFIX_PATH=/home/ram/MRT/turtle/install/turtlebot3_slam_mrt:/home/ram/MRT/turtle/install/turtlebot3:/home/ram/MRT/turtle/install/turtlebot3_teleop:/home/ram/MRT/turtle/install/turtlebot3_simulations:/home/ram/MRT/turtle/install/turtlebot3_gazebo:/home/ram/MRT/turtle/install/turtlebot3_bringup:/home/ram/MRT/turtle/install/turtlebot3_node:/home/ram/MRT/turtle/install/turtlebot3_navigation2:/home/ram/MRT/turtle/install/turtlebot3_fake_node:/home/ram/MRT/turtle/install/turtlebot3_example:/home/ram/MRT/turtle/install/turtlebot3_description:/home/ram/MRT/turtle/install/turtlebot3_cartographer:/opt/ros/jazzy CMAKE_PREFIX_PATH=/home/ram/MRT/turtle/install/turtlebot3_navigation2:/home/ram/MRT/turtle/install/turtlebot3:/home/ram/MRT/turtle/install/turtlebot3_simulations:/home/ram/MRT/turtle/install/turtlebot3_gazebo:/home/ram/MRT/turtle/install/turtlebot3_bringup:/home/ram/MRT/turtle/install/turtlebot3_node:/home/ram/MRT/turtle/install/turtlebot3_fake_node:/home/ram/MRT/turtle/install/turtlebot3_description:/home/ram/MRT/turtle/install/turtlebot3_cartographer:/opt/ros/jazzy/opt/gz_sim_vendor:/opt/ros/jazzy/opt/gz_sensors_vendor:/opt/ros/jazzy/opt/gz_physics_vendor:/opt/ros/jazzy/opt/sdformat_vendor:/opt/ros/jazzy/opt/gz_gui_vendor:/opt/ros/jazzy/opt/gz_transport_vendor:/opt/ros/jazzy/opt/gz_rendering_vendor:/opt/ros/jazzy/opt/gz_plugin_vendor:/opt/ros/jazzy/opt/gz_fuel_tools_vendor:/opt/ros/jazzy/opt/gz_msgs_vendor:/opt/ros/jazzy/opt/gz_common_vendor:/opt/ros/jazzy/opt/gz_math_vendor:/opt/ros/jazzy/opt/gz_utils_vendor:/opt/ros/jazzy/opt/gz_tools_vendor:/opt/ros/jazzy/opt/gz_ogre_next_vendor:/opt/ros/jazzy/opt/gz_dartsim_vendor:/opt/ros/jazzy/opt/gz_cmake_vendor:/home/ram/MRT/turtle/install/turtlebot3_teleop:/home/ram/MRT/turtle/install/turtlebot3_slam_mrt:/home/ram/MRT/turtle/install/turtlebot3_example:/opt/ros/jazzy DEBUGINFOD_URLS=https://debuginfod.ubuntu.com PYTHONPATH=/home/ram/MRT/turtle/build/turtlebot3_slam_mrt:/home/ram/MRT/turtle/install/turtlebot3_slam_mrt/lib/python3.12/site-packages:/home/ram/MRT/turtle/build/turtlebot3_teleop:/home/ram/MRT/turtle/build/turtlebot3_example:/home/ram/MRT/turtle/install/turtlebot3_teleop/lib/python3.12/site-packages:/home/ram/MRT/turtle/install/turtlebot3_example/lib/python3.12/site-packages:/opt/ros/jazzy/lib/python3.12/site-packages /usr/bin/cmake --install /home/ram/MRT/turtle/build/turtlebot3_gazebo
[26.363s] Level 1:colcon.colcon_core.environment:checking '/home/ram/MRT/turtle/install/turtlebot3_gazebo' for CMake config files
[26.367s] Level 1:colcon.colcon_core.shell:create_environment_hook('turtlebot3_gazebo', 'cmake_prefix_path')
[26.367s] INFO:colcon.colcon_core.shell:Creating environment hook '/home/ram/MRT/turtle/install/turtlebot3_gazebo/share/turtlebot3_gazebo/hook/cmake_prefix_path.ps1'
[26.368s] INFO:colcon.colcon_core.shell:Creating environment descriptor '/home/ram/MRT/turtle/install/turtlebot3_gazebo/share/turtlebot3_gazebo/hook/cmake_prefix_path.dsv'
[26.369s] INFO:colcon.colcon_core.shell:Creating environment hook '/home/ram/MRT/turtle/install/turtlebot3_gazebo/share/turtlebot3_gazebo/hook/cmake_prefix_path.sh'
[26.370s] Level 1:colcon.colcon_core.environment:checking '/home/ram/MRT/turtle/install/turtlebot3_gazebo/lib'
[26.370s] Level 1:colcon.colcon_core.environment:checking '/home/ram/MRT/turtle/install/turtlebot3_gazebo/bin'
[26.370s] Level 1:colcon.colcon_core.environment:checking '/home/ram/MRT/turtle/install/turtlebot3_gazebo/lib/pkgconfig/turtlebot3_gazebo.pc'
[26.371s] Level 1:colcon.colcon_core.environment:checking '/home/ram/MRT/turtle/install/turtlebot3_gazebo/lib/python3.12/site-packages'
[26.372s] Level 1:colcon.colcon_core.environment:checking '/home/ram/MRT/turtle/install/turtlebot3_gazebo/bin'
[26.372s] INFO:colcon.colcon_core.shell:Creating package script '/home/ram/MRT/turtle/install/turtlebot3_gazebo/share/turtlebot3_gazebo/package.ps1'
[26.373s] INFO:colcon.colcon_core.shell:Creating package descriptor '/home/ram/MRT/turtle/install/turtlebot3_gazebo/share/turtlebot3_gazebo/package.dsv'
[26.374s] INFO:colcon.colcon_core.shell:Creating package script '/home/ram/MRT/turtle/install/turtlebot3_gazebo/share/turtlebot3_gazebo/package.sh'
[26.375s] INFO:colcon.colcon_core.shell:Creating package script '/home/ram/MRT/turtle/install/turtlebot3_gazebo/share/turtlebot3_gazebo/package.bash'
[26.375s] INFO:colcon.colcon_core.shell:Creating package script '/home/ram/MRT/turtle/install/turtlebot3_gazebo/share/turtlebot3_gazebo/package.zsh'
[26.376s] Level 1:colcon.colcon_core.environment:create_file_with_runtime_dependencies(/home/ram/MRT/turtle/install/turtlebot3_gazebo/share/colcon-core/packages/turtlebot3_gazebo)
[26.377s] Level 1:colcon.colcon_core.environment:create_environment_scripts_only(turtlebot3_gazebo)
[26.377s] Level 1:colcon.colcon_core.environment:checking '/home/ram/MRT/turtle/install/turtlebot3_gazebo' for CMake module files
[26.379s] Level 1:colcon.colcon_core.environment:checking '/home/ram/MRT/turtle/install/turtlebot3_gazebo' for CMake config files
[26.382s] Level 1:colcon.colcon_core.shell:create_environment_hook('turtlebot3_gazebo', 'cmake_prefix_path')
[26.383s] INFO:colcon.colcon_core.shell:Creating environment hook '/home/ram/MRT/turtle/install/turtlebot3_gazebo/share/turtlebot3_gazebo/hook/cmake_prefix_path.ps1'
[26.384s] INFO:colcon.colcon_core.shell:Creating environment descriptor '/home/ram/MRT/turtle/install/turtlebot3_gazebo/share/turtlebot3_gazebo/hook/cmake_prefix_path.dsv'
[26.384s] INFO:colcon.colcon_core.shell:Creating environment hook '/home/ram/MRT/turtle/install/turtlebot3_gazebo/share/turtlebot3_gazebo/hook/cmake_prefix_path.sh'
[26.385s] Level 1:colcon.colcon_core.environment:checking '/home/ram/MRT/turtle/install/turtlebot3_gazebo/lib'
[26.386s] Level 1:colcon.colcon_core.environment:checking '/home/ram/MRT/turtle/install/turtlebot3_gazebo/bin'
[26.386s] Level 1:colcon.colcon_core.environment:checking '/home/ram/MRT/turtle/install/turtlebot3_gazebo/lib/pkgconfig/turtlebot3_gazebo.pc'
[26.386s] Level 1:colcon.colcon_core.environment:checking '/home/ram/MRT/turtle/install/turtlebot3_gazebo/lib/python3.12/site-packages'
[26.387s] Level 1:colcon.colcon_core.environment:checking '/home/ram/MRT/turtle/install/turtlebot3_gazebo/bin'
[26.387s] INFO:colcon.colcon_core.shell:Creating package script '/home/ram/MRT/turtle/install/turtlebot3_gazebo/share/turtlebot3_gazebo/package.ps1'
[26.389s] INFO:colcon.colcon_core.shell:Creating package descriptor '/home/ram/MRT/turtle/install/turtlebot3_gazebo/share/turtlebot3_gazebo/package.dsv'
[26.390s] INFO:colcon.colcon_core.shell:Creating package script '/home/ram/MRT/turtle/install/turtlebot3_gazebo/share/turtlebot3_gazebo/package.sh'
[26.390s] INFO:colcon.colcon_core.shell:Creating package script '/home/ram/MRT/turtle/install/turtlebot3_gazebo/share/turtlebot3_gazebo/package.bash'
[26.391s] INFO:colcon.colcon_core.shell:Creating package script '/home/ram/MRT/turtle/install/turtlebot3_gazebo/share/turtlebot3_gazebo/package.zsh'
[26.392s] Level 1:colcon.colcon_core.environment:create_file_with_runtime_dependencies(/home/ram/MRT/turtle/install/turtlebot3_gazebo/share/colcon-core/packages/turtlebot3_gazebo)
[26.393s] INFO:colcon.colcon_ros.task.ament_cmake.build:Building ROS package in '/home/ram/MRT/turtle/src/turtlebot3_simulations/turtlebot3_simulations' with build type 'ament_cmake'
[26.393s] INFO:colcon.colcon_cmake.task.cmake.build:Building CMake package in '/home/ram/MRT/turtle/src/turtlebot3_simulations/turtlebot3_simulations'
[26.393s] INFO:colcon.colcon_core.shell:Skip shell extension 'powershell' for command environment: Not usable outside of PowerShell
[26.393s] DEBUG:colcon.colcon_core.shell:Skip shell extension 'dsv' for command environment
[26.414s] DEBUG:colcon.colcon_core.event_handler.log_command:Invoking command in '/home/ram/MRT/turtle/build/turtlebot3_simulations': AMENT_PREFIX_PATH=/home/ram/MRT/turtle/install/turtlebot3_slam_mrt:/home/ram/MRT/turtle/install/turtlebot3:/home/ram/MRT/turtle/install/turtlebot3_teleop:/home/ram/MRT/turtle/install/turtlebot3_simulations:/home/ram/MRT/turtle/install/turtlebot3_gazebo:/home/ram/MRT/turtle/install/turtlebot3_bringup:/home/ram/MRT/turtle/install/turtlebot3_node:/home/ram/MRT/turtle/install/turtlebot3_navigation2:/home/ram/MRT/turtle/install/turtlebot3_fake_node:/home/ram/MRT/turtle/install/turtlebot3_example:/home/ram/MRT/turtle/install/turtlebot3_description:/home/ram/MRT/turtle/install/turtlebot3_cartographer:/opt/ros/jazzy CMAKE_PREFIX_PATH=/home/ram/MRT/turtle/install/turtlebot3_gazebo:/home/ram/MRT/turtle/install/turtlebot3_navigation2:/home/ram/MRT/turtle/install/turtlebot3_fake_node:/home/ram/MRT/turtle/install/turtlebot3:/home/ram/MRT/turtle/install/turtlebot3_simulations:/home/ram/MRT/turtle/install/turtlebot3_bringup:/home/ram/MRT/turtle/install/turtlebot3_node:/home/ram/MRT/turtle/install/turtlebot3_description:/home/ram/MRT/turtle/install/turtlebot3_cartographer:/opt/ros/jazzy/opt/gz_sim_vendor:/opt/ros/jazzy/opt/gz_sensors_vendor:/opt/ros/jazzy/opt/gz_physics_vendor:/opt/ros/jazzy/opt/sdformat_vendor:/opt/ros/jazzy/opt/gz_gui_vendor:/opt/ros/jazzy/opt/gz_transport_vendor:/opt/ros/jazzy/opt/gz_rendering_vendor:/opt/ros/jazzy/opt/gz_plugin_vendor:/opt/ros/jazzy/opt/gz_fuel_tools_vendor:/opt/ros/jazzy/opt/gz_msgs_vendor:/opt/ros/jazzy/opt/gz_common_vendor:/opt/ros/jazzy/opt/gz_math_vendor:/opt/ros/jazzy/opt/gz_utils_vendor:/opt/ros/jazzy/opt/gz_tools_vendor:/opt/ros/jazzy/opt/gz_ogre_next_vendor:/opt/ros/jazzy/opt/gz_dartsim_vendor:/opt/ros/jazzy/opt/gz_cmake_vendor:/home/ram/MRT/turtle/install/turtlebot3_teleop:/home/ram/MRT/turtle/install/turtlebot3_slam_mrt:/home/ram/MRT/turtle/install/turtlebot3_example:/opt/ros/jazzy DEBUGINFOD_URLS=https://debuginfod.ubuntu.com PYTHONPATH=/home/ram/MRT/turtle/build/turtlebot3_slam_mrt:/home/ram/MRT/turtle/install/turtlebot3_slam_mrt/lib/python3.12/site-packages:/home/ram/MRT/turtle/build/turtlebot3_teleop:/home/ram/MRT/turtle/build/turtlebot3_example:/home/ram/MRT/turtle/install/turtlebot3_teleop/lib/python3.12/site-packages:/home/ram/MRT/turtle/install/turtlebot3_example/lib/python3.12/site-packages:/opt/ros/jazzy/lib/python3.12/site-packages /usr/bin/cmake /home/ram/MRT/turtle/src/turtlebot3_simulations/turtlebot3_simulations -DAMENT_CMAKE_SYMLINK_INSTALL=1 -DCMAKE_INSTALL_PREFIX=/home/ram/MRT/turtle/install/turtlebot3_simulations
[27.346s] DEBUG:colcon.colcon_core.event_handler.log_command:Invoked command in '/home/ram/MRT/turtle/build/turtlebot3_simulations' returned '0': AMENT_PREFIX_PATH=/home/ram/MRT/turtle/install/turtlebot3_slam_mrt:/home/ram/MRT/turtle/install/turtlebot3:/home/ram/MRT/turtle/install/turtlebot3_teleop:/home/ram/MRT/turtle/install/turtlebot3_simulations:/home/ram/MRT/turtle/install/turtlebot3_gazebo:/home/ram/MRT/turtle/install/turtlebot3_bringup:/home/ram/MRT/turtle/install/turtlebot3_node:/home/ram/MRT/turtle/install/turtlebot3_navigation2:/home/ram/MRT/turtle/install/turtlebot3_fake_node:/home/ram/MRT/turtle/install/turtlebot3_example:/home/ram/MRT/turtle/install/turtlebot3_description:/home/ram/MRT/turtle/install/turtlebot3_cartographer:/opt/ros/jazzy CMAKE_PREFIX_PATH=/home/ram/MRT/turtle/install/turtlebot3_gazebo:/home/ram/MRT/turtle/install/turtlebot3_navigation2:/home/ram/MRT/turtle/install/turtlebot3_fake_node:/home/ram/MRT/turtle/install/turtlebot3:/home/ram/MRT/turtle/install/turtlebot3_simulations:/home/ram/MRT/turtle/install/turtlebot3_bringup:/home/ram/MRT/turtle/install/turtlebot3_node:/home/ram/MRT/turtle/install/turtlebot3_description:/home/ram/MRT/turtle/install/turtlebot3_cartographer:/opt/ros/jazzy/opt/gz_sim_vendor:/opt/ros/jazzy/opt/gz_sensors_vendor:/opt/ros/jazzy/opt/gz_physics_vendor:/opt/ros/jazzy/opt/sdformat_vendor:/opt/ros/jazzy/opt/gz_gui_vendor:/opt/ros/jazzy/opt/gz_transport_vendor:/opt/ros/jazzy/opt/gz_rendering_vendor:/opt/ros/jazzy/opt/gz_plugin_vendor:/opt/ros/jazzy/opt/gz_fuel_tools_vendor:/opt/ros/jazzy/opt/gz_msgs_vendor:/opt/ros/jazzy/opt/gz_common_vendor:/opt/ros/jazzy/opt/gz_math_vendor:/opt/ros/jazzy/opt/gz_utils_vendor:/opt/ros/jazzy/opt/gz_tools_vendor:/opt/ros/jazzy/opt/gz_ogre_next_vendor:/opt/ros/jazzy/opt/gz_dartsim_vendor:/opt/ros/jazzy/opt/gz_cmake_vendor:/home/ram/MRT/turtle/install/turtlebot3_teleop:/home/ram/MRT/turtle/install/turtlebot3_slam_mrt:/home/ram/MRT/turtle/install/turtlebot3_example:/opt/ros/jazzy DEBUGINFOD_URLS=https://debuginfod.ubuntu.com PYTHONPATH=/home/ram/MRT/turtle/build/turtlebot3_slam_mrt:/home/ram/MRT/turtle/install/turtlebot3_slam_mrt/lib/python3.12/site-packages:/home/ram/MRT/turtle/build/turtlebot3_teleop:/home/ram/MRT/turtle/build/turtlebot3_example:/home/ram/MRT/turtle/install/turtlebot3_teleop/lib/python3.12/site-packages:/home/ram/MRT/turtle/install/turtlebot3_example/lib/python3.12/site-packages:/opt/ros/jazzy/lib/python3.12/site-packages /usr/bin/cmake /home/ram/MRT/turtle/src/turtlebot3_simulations/turtlebot3_simulations -DAMENT_CMAKE_SYMLINK_INSTALL=1 -DCMAKE_INSTALL_PREFIX=/home/ram/MRT/turtle/install/turtlebot3_simulations
[27.346s] DEBUG:colcon.colcon_core.event_handler.log_command:Invoking command in '/home/ram/MRT/turtle/build/turtlebot3_simulations': AMENT_PREFIX_PATH=/home/ram/MRT/turtle/install/turtlebot3_slam_mrt:/home/ram/MRT/turtle/install/turtlebot3:/home/ram/MRT/turtle/install/turtlebot3_teleop:/home/ram/MRT/turtle/install/turtlebot3_simulations:/home/ram/MRT/turtle/install/turtlebot3_gazebo:/home/ram/MRT/turtle/install/turtlebot3_bringup:/home/ram/MRT/turtle/install/turtlebot3_node:/home/ram/MRT/turtle/install/turtlebot3_navigation2:/home/ram/MRT/turtle/install/turtlebot3_fake_node:/home/ram/MRT/turtle/install/turtlebot3_example:/home/ram/MRT/turtle/install/turtlebot3_description:/home/ram/MRT/turtle/install/turtlebot3_cartographer:/opt/ros/jazzy CMAKE_PREFIX_PATH=/home/ram/MRT/turtle/install/turtlebot3_gazebo:/home/ram/MRT/turtle/install/turtlebot3_navigation2:/home/ram/MRT/turtle/install/turtlebot3_fake_node:/home/ram/MRT/turtle/install/turtlebot3:/home/ram/MRT/turtle/install/turtlebot3_simulations:/home/ram/MRT/turtle/install/turtlebot3_bringup:/home/ram/MRT/turtle/install/turtlebot3_node:/home/ram/MRT/turtle/install/turtlebot3_description:/home/ram/MRT/turtle/install/turtlebot3_cartographer:/opt/ros/jazzy/opt/gz_sim_vendor:/opt/ros/jazzy/opt/gz_sensors_vendor:/opt/ros/jazzy/opt/gz_physics_vendor:/opt/ros/jazzy/opt/sdformat_vendor:/opt/ros/jazzy/opt/gz_gui_vendor:/opt/ros/jazzy/opt/gz_transport_vendor:/opt/ros/jazzy/opt/gz_rendering_vendor:/opt/ros/jazzy/opt/gz_plugin_vendor:/opt/ros/jazzy/opt/gz_fuel_tools_vendor:/opt/ros/jazzy/opt/gz_msgs_vendor:/opt/ros/jazzy/opt/gz_common_vendor:/opt/ros/jazzy/opt/gz_math_vendor:/opt/ros/jazzy/opt/gz_utils_vendor:/opt/ros/jazzy/opt/gz_tools_vendor:/opt/ros/jazzy/opt/gz_ogre_next_vendor:/opt/ros/jazzy/opt/gz_dartsim_vendor:/opt/ros/jazzy/opt/gz_cmake_vendor:/home/ram/MRT/turtle/install/turtlebot3_teleop:/home/ram/MRT/turtle/install/turtlebot3_slam_mrt:/home/ram/MRT/turtle/install/turtlebot3_example:/opt/ros/jazzy DEBUGINFOD_URLS=https://debuginfod.ubuntu.com PYTHONPATH=/home/ram/MRT/turtle/build/turtlebot3_slam_mrt:/home/ram/MRT/turtle/install/turtlebot3_slam_mrt/lib/python3.12/site-packages:/home/ram/MRT/turtle/build/turtlebot3_teleop:/home/ram/MRT/turtle/build/turtlebot3_example:/home/ram/MRT/turtle/install/turtlebot3_teleop/lib/python3.12/site-packages:/home/ram/MRT/turtle/install/turtlebot3_example/lib/python3.12/site-packages:/opt/ros/jazzy/lib/python3.12/site-packages /usr/bin/cmake --build /home/ram/MRT/turtle/build/turtlebot3_simulations -- -j12 -l12
[27.403s] DEBUG:colcon.colcon_core.event_handler.log_command:Invoked command in '/home/ram/MRT/turtle/build/turtlebot3_simulations' returned '0': AMENT_PREFIX_PATH=/home/ram/MRT/turtle/install/turtlebot3_slam_mrt:/home/ram/MRT/turtle/install/turtlebot3:/home/ram/MRT/turtle/install/turtlebot3_teleop:/home/ram/MRT/turtle/install/turtlebot3_simulations:/home/ram/MRT/turtle/install/turtlebot3_gazebo:/home/ram/MRT/turtle/install/turtlebot3_bringup:/home/ram/MRT/turtle/install/turtlebot3_node:/home/ram/MRT/turtle/install/turtlebot3_navigation2:/home/ram/MRT/turtle/install/turtlebot3_fake_node:/home/ram/MRT/turtle/install/turtlebot3_example:/home/ram/MRT/turtle/install/turtlebot3_description:/home/ram/MRT/turtle/install/turtlebot3_cartographer:/opt/ros/jazzy CMAKE_PREFIX_PATH=/home/ram/MRT/turtle/install/turtlebot3_gazebo:/home/ram/MRT/turtle/install/turtlebot3_navigation2:/home/ram/MRT/turtle/install/turtlebot3_fake_node:/home/ram/MRT/turtle/install/turtlebot3:/home/ram/MRT/turtle/install/turtlebot3_simulations:/home/ram/MRT/turtle/install/turtlebot3_bringup:/home/ram/MRT/turtle/install/turtlebot3_node:/home/ram/MRT/turtle/install/turtlebot3_description:/home/ram/MRT/turtle/install/turtlebot3_cartographer:/opt/ros/jazzy/opt/gz_sim_vendor:/opt/ros/jazzy/opt/gz_sensors_vendor:/opt/ros/jazzy/opt/gz_physics_vendor:/opt/ros/jazzy/opt/sdformat_vendor:/opt/ros/jazzy/opt/gz_gui_vendor:/opt/ros/jazzy/opt/gz_transport_vendor:/opt/ros/jazzy/opt/gz_rendering_vendor:/opt/ros/jazzy/opt/gz_plugin_vendor:/opt/ros/jazzy/opt/gz_fuel_tools_vendor:/opt/ros/jazzy/opt/gz_msgs_vendor:/opt/ros/jazzy/opt/gz_common_vendor:/opt/ros/jazzy/opt/gz_math_vendor:/opt/ros/jazzy/opt/gz_utils_vendor:/opt/ros/jazzy/opt/gz_tools_vendor:/opt/ros/jazzy/opt/gz_ogre_next_vendor:/opt/ros/jazzy/opt/gz_dartsim_vendor:/opt/ros/jazzy/opt/gz_cmake_vendor:/home/ram/MRT/turtle/install/turtlebot3_teleop:/home/ram/MRT/turtle/install/turtlebot3_slam_mrt:/home/ram/MRT/turtle/install/turtlebot3_example:/opt/ros/jazzy DEBUGINFOD_URLS=https://debuginfod.ubuntu.com PYTHONPATH=/home/ram/MRT/turtle/build/turtlebot3_slam_mrt:/home/ram/MRT/turtle/install/turtlebot3_slam_mrt/lib/python3.12/site-packages:/home/ram/MRT/turtle/build/turtlebot3_teleop:/home/ram/MRT/turtle/build/turtlebot3_example:/home/ram/MRT/turtle/install/turtlebot3_teleop/lib/python3.12/site-packages:/home/ram/MRT/turtle/install/turtlebot3_example/lib/python3.12/site-packages:/opt/ros/jazzy/lib/python3.12/site-packages /usr/bin/cmake --build /home/ram/MRT/turtle/build/turtlebot3_simulations -- -j12 -l12
[27.404s] DEBUG:colcon.colcon_core.event_handler.log_command:Invoking command in '/home/ram/MRT/turtle/build/turtlebot3_simulations': AMENT_PREFIX_PATH=/home/ram/MRT/turtle/install/turtlebot3_slam_mrt:/home/ram/MRT/turtle/install/turtlebot3:/home/ram/MRT/turtle/install/turtlebot3_teleop:/home/ram/MRT/turtle/install/turtlebot3_simulations:/home/ram/MRT/turtle/install/turtlebot3_gazebo:/home/ram/MRT/turtle/install/turtlebot3_bringup:/home/ram/MRT/turtle/install/turtlebot3_node:/home/ram/MRT/turtle/install/turtlebot3_navigation2:/home/ram/MRT/turtle/install/turtlebot3_fake_node:/home/ram/MRT/turtle/install/turtlebot3_example:/home/ram/MRT/turtle/install/turtlebot3_description:/home/ram/MRT/turtle/install/turtlebot3_cartographer:/opt/ros/jazzy CMAKE_PREFIX_PATH=/home/ram/MRT/turtle/install/turtlebot3_gazebo:/home/ram/MRT/turtle/install/turtlebot3_navigation2:/home/ram/MRT/turtle/install/turtlebot3_fake_node:/home/ram/MRT/turtle/install/turtlebot3:/home/ram/MRT/turtle/install/turtlebot3_simulations:/home/ram/MRT/turtle/install/turtlebot3_bringup:/home/ram/MRT/turtle/install/turtlebot3_node:/home/ram/MRT/turtle/install/turtlebot3_description:/home/ram/MRT/turtle/install/turtlebot3_cartographer:/opt/ros/jazzy/opt/gz_sim_vendor:/opt/ros/jazzy/opt/gz_sensors_vendor:/opt/ros/jazzy/opt/gz_physics_vendor:/opt/ros/jazzy/opt/sdformat_vendor:/opt/ros/jazzy/opt/gz_gui_vendor:/opt/ros/jazzy/opt/gz_transport_vendor:/opt/ros/jazzy/opt/gz_rendering_vendor:/opt/ros/jazzy/opt/gz_plugin_vendor:/opt/ros/jazzy/opt/gz_fuel_tools_vendor:/opt/ros/jazzy/opt/gz_msgs_vendor:/opt/ros/jazzy/opt/gz_common_vendor:/opt/ros/jazzy/opt/gz_math_vendor:/opt/ros/jazzy/opt/gz_utils_vendor:/opt/ros/jazzy/opt/gz_tools_vendor:/opt/ros/jazzy/opt/gz_ogre_next_vendor:/opt/ros/jazzy/opt/gz_dartsim_vendor:/opt/ros/jazzy/opt/gz_cmake_vendor:/home/ram/MRT/turtle/install/turtlebot3_teleop:/home/ram/MRT/turtle/install/turtlebot3_slam_mrt:/home/ram/MRT/turtle/install/turtlebot3_example:/opt/ros/jazzy DEBUGINFOD_URLS=https://debuginfod.ubuntu.com PYTHONPATH=/home/ram/MRT/turtle/build/turtlebot3_slam_mrt:/home/ram/MRT/turtle/install/turtlebot3_slam_mrt/lib/python3.12/site-packages:/home/ram/MRT/turtle/build/turtlebot3_teleop:/home/ram/MRT/turtle/build/turtlebot3_example:/home/ram/MRT/turtle/install/turtlebot3_teleop/lib/python3.12/site-packages:/home/ram/MRT/turtle/install/turtlebot3_example/lib/python3.12/site-packages:/opt/ros/jazzy/lib/python3.12/site-packages /usr/bin/cmake --install /home/ram/MRT/turtle/build/turtlebot3_simulations
[27.666s] Level 1:colcon.colcon_core.environment:create_environment_scripts_only(turtlebot3_simulations)
[27.667s] Level 1:colcon.colcon_core.environment:checking '/home/ram/MRT/turtle/install/turtlebot3_simulations' for CMake module files
[27.667s] DEBUG:colcon.colcon_core.event_handler.log_command:Invoked command in '/home/ram/MRT/turtle/build/turtlebot3_simulations' returned '0': AMENT_PREFIX_PATH=/home/ram/MRT/turtle/install/turtlebot3_slam_mrt:/home/ram/MRT/turtle/install/turtlebot3:/home/ram/MRT/turtle/install/turtlebot3_teleop:/home/ram/MRT/turtle/install/turtlebot3_simulations:/home/ram/MRT/turtle/install/turtlebot3_gazebo:/home/ram/MRT/turtle/install/turtlebot3_bringup:/home/ram/MRT/turtle/install/turtlebot3_node:/home/ram/MRT/turtle/install/turtlebot3_navigation2:/home/ram/MRT/turtle/install/turtlebot3_fake_node:/home/ram/MRT/turtle/install/turtlebot3_example:/home/ram/MRT/turtle/install/turtlebot3_description:/home/ram/MRT/turtle/install/turtlebot3_cartographer:/opt/ros/jazzy CMAKE_PREFIX_PATH=/home/ram/MRT/turtle/install/turtlebot3_gazebo:/home/ram/MRT/turtle/install/turtlebot3_navigation2:/home/ram/MRT/turtle/install/turtlebot3_fake_node:/home/ram/MRT/turtle/install/turtlebot3:/home/ram/MRT/turtle/install/turtlebot3_simulations:/home/ram/MRT/turtle/install/turtlebot3_bringup:/home/ram/MRT/turtle/install/turtlebot3_node:/home/ram/MRT/turtle/install/turtlebot3_description:/home/ram/MRT/turtle/install/turtlebot3_cartographer:/opt/ros/jazzy/opt/gz_sim_vendor:/opt/ros/jazzy/opt/gz_sensors_vendor:/opt/ros/jazzy/opt/gz_physics_vendor:/opt/ros/jazzy/opt/sdformat_vendor:/opt/ros/jazzy/opt/gz_gui_vendor:/opt/ros/jazzy/opt/gz_transport_vendor:/opt/ros/jazzy/opt/gz_rendering_vendor:/opt/ros/jazzy/opt/gz_plugin_vendor:/opt/ros/jazzy/opt/gz_fuel_tools_vendor:/opt/ros/jazzy/opt/gz_msgs_vendor:/opt/ros/jazzy/opt/gz_common_vendor:/opt/ros/jazzy/opt/gz_math_vendor:/opt/ros/jazzy/opt/gz_utils_vendor:/opt/ros/jazzy/opt/gz_tools_vendor:/opt/ros/jazzy/opt/gz_ogre_next_vendor:/opt/ros/jazzy/opt/gz_dartsim_vendor:/opt/ros/jazzy/opt/gz_cmake_vendor:/home/ram/MRT/turtle/install/turtlebot3_teleop:/home/ram/MRT/turtle/install/turtlebot3_slam_mrt:/home/ram/MRT/turtle/install/turtlebot3_example:/opt/ros/jazzy DEBUGINFOD_URLS=https://debuginfod.ubuntu.com PYTHONPATH=/home/ram/MRT/turtle/build/turtlebot3_slam_mrt:/home/ram/MRT/turtle/install/turtlebot3_slam_mrt/lib/python3.12/site-packages:/home/ram/MRT/turtle/build/turtlebot3_teleop:/home/ram/MRT/turtle/build/turtlebot3_example:/home/ram/MRT/turtle/install/turtlebot3_teleop/lib/python3.12/site-packages:/home/ram/MRT/turtle/install/turtlebot3_example/lib/python3.12/site-packages:/opt/ros/jazzy/lib/python3.12/site-packages /usr/bin/cmake --install /home/ram/MRT/turtle/build/turtlebot3_simulations
[27.668s] Level 1:colcon.colcon_core.environment:checking '/home/ram/MRT/turtle/install/turtlebot3_simulations' for CMake config files
[27.669s] Level 1:colcon.colcon_core.shell:create_environment_hook('turtlebot3_simulations', 'cmake_prefix_path')
[27.669s] INFO:colcon.colcon_core.shell:Creating environment hook '/home/ram/MRT/turtle/install/turtlebot3_simulations/share/turtlebot3_simulations/hook/cmake_prefix_path.ps1'
[27.670s] INFO:colcon.colcon_core.shell:Creating environment descriptor '/home/ram/MRT/turtle/install/turtlebot3_simulations/share/turtlebot3_simulations/hook/cmake_prefix_path.dsv'
[27.670s] INFO:colcon.colcon_core.shell:Creating environment hook '/home/ram/MRT/turtle/install/turtlebot3_simulations/share/turtlebot3_simulations/hook/cmake_prefix_path.sh'
[27.671s] Level 1:colcon.colcon_core.environment:checking '/home/ram/MRT/turtle/install/turtlebot3_simulations/bin'
[27.671s] Level 1:colcon.colcon_core.environment:checking '/home/ram/MRT/turtle/install/turtlebot3_simulations/lib/pkgconfig/turtlebot3_simulations.pc'
[27.672s] Level 1:colcon.colcon_core.environment:checking '/home/ram/MRT/turtle/install/turtlebot3_simulations/lib/python3.12/site-packages'
[27.672s] Level 1:colcon.colcon_core.environment:checking '/home/ram/MRT/turtle/install/turtlebot3_simulations/bin'
[27.673s] INFO:colcon.colcon_core.shell:Creating package script '/home/ram/MRT/turtle/install/turtlebot3_simulations/share/turtlebot3_simulations/package.ps1'
[27.674s] INFO:colcon.colcon_core.shell:Creating package descriptor '/home/ram/MRT/turtle/install/turtlebot3_simulations/share/turtlebot3_simulations/package.dsv'
[27.675s] INFO:colcon.colcon_core.shell:Creating package script '/home/ram/MRT/turtle/install/turtlebot3_simulations/share/turtlebot3_simulations/package.sh'
[27.675s] INFO:colcon.colcon_core.shell:Creating package script '/home/ram/MRT/turtle/install/turtlebot3_simulations/share/turtlebot3_simulations/package.bash'
[27.676s] INFO:colcon.colcon_core.shell:Creating package script '/home/ram/MRT/turtle/install/turtlebot3_simulations/share/turtlebot3_simulations/package.zsh'
[27.676s] Level 1:colcon.colcon_core.environment:create_file_with_runtime_dependencies(/home/ram/MRT/turtle/install/turtlebot3_simulations/share/colcon-core/packages/turtlebot3_simulations)
[27.677s] Level 1:colcon.colcon_core.environment:create_environment_scripts_only(turtlebot3_simulations)
[27.678s] Level 1:colcon.colcon_core.environment:checking '/home/ram/MRT/turtle/install/turtlebot3_simulations' for CMake module files
[27.678s] Level 1:colcon.colcon_core.environment:checking '/home/ram/MRT/turtle/install/turtlebot3_simulations' for CMake config files
[27.679s] Level 1:colcon.colcon_core.shell:create_environment_hook('turtlebot3_simulations', 'cmake_prefix_path')
[27.679s] INFO:colcon.colcon_core.shell:Creating environment hook '/home/ram/MRT/turtle/install/turtlebot3_simulations/share/turtlebot3_simulations/hook/cmake_prefix_path.ps1'
[27.680s] INFO:colcon.colcon_core.shell:Creating environment descriptor '/home/ram/MRT/turtle/install/turtlebot3_simulations/share/turtlebot3_simulations/hook/cmake_prefix_path.dsv'
[27.681s] INFO:colcon.colcon_core.shell:Creating environment hook '/home/ram/MRT/turtle/install/turtlebot3_simulations/share/turtlebot3_simulations/hook/cmake_prefix_path.sh'
[27.682s] Level 1:colcon.colcon_core.environment:checking '/home/ram/MRT/turtle/install/turtlebot3_simulations/bin'
[27.682s] Level 1:colcon.colcon_core.environment:checking '/home/ram/MRT/turtle/install/turtlebot3_simulations/lib/pkgconfig/turtlebot3_simulations.pc'
[27.682s] Level 1:colcon.colcon_core.environment:checking '/home/ram/MRT/turtle/install/turtlebot3_simulations/lib/python3.12/site-packages'
[27.683s] Level 1:colcon.colcon_core.environment:checking '/home/ram/MRT/turtle/install/turtlebot3_simulations/bin'
[27.683s] INFO:colcon.colcon_core.shell:Creating package script '/home/ram/MRT/turtle/install/turtlebot3_simulations/share/turtlebot3_simulations/package.ps1'
[27.684s] INFO:colcon.colcon_core.shell:Creating package descriptor '/home/ram/MRT/turtle/install/turtlebot3_simulations/share/turtlebot3_simulations/package.dsv'
[27.685s] INFO:colcon.colcon_core.shell:Creating package script '/home/ram/MRT/turtle/install/turtlebot3_simulations/share/turtlebot3_simulations/package.sh'
[27.686s] INFO:colcon.colcon_core.shell:Creating package script '/home/ram/MRT/turtle/install/turtlebot3_simulations/share/turtlebot3_simulations/package.bash'
[27.687s] INFO:colcon.colcon_core.shell:Creating package script '/home/ram/MRT/turtle/install/turtlebot3_simulations/share/turtlebot3_simulations/package.zsh'
[27.688s] Level 1:colcon.colcon_core.environment:create_file_with_runtime_dependencies(/home/ram/MRT/turtle/install/turtlebot3_simulations/share/colcon-core/packages/turtlebot3_simulations)
[52.724s] DEBUG:colcon.colcon_core.event_handler.log_command:Invoked command in '/home/ram/MRT/turtle/build/turtlebot3_node' returned '0': CMAKE_PREFIX_PATH=${CMAKE_PREFIX_PATH}:/home/ram/MRT/turtle/install/turtlebot3_teleop:/home/ram/MRT/turtle/install/turtlebot3_slam_mrt:/home/ram/MRT/turtle/install/turtlebot3_example:/opt/ros/jazzy DEBUGINFOD_URLS=https://debuginfod.ubuntu.com /usr/bin/cmake --build /home/ram/MRT/turtle/build/turtlebot3_node -- -j12 -l12
[52.725s] DEBUG:colcon.colcon_core.event_handler.log_command:Invoking command in '/home/ram/MRT/turtle/build/turtlebot3_node': CMAKE_PREFIX_PATH=${CMAKE_PREFIX_PATH}:/home/ram/MRT/turtle/install/turtlebot3_teleop:/home/ram/MRT/turtle/install/turtlebot3_slam_mrt:/home/ram/MRT/turtle/install/turtlebot3_example:/opt/ros/jazzy DEBUGINFOD_URLS=https://debuginfod.ubuntu.com /usr/bin/cmake --install /home/ram/MRT/turtle/build/turtlebot3_node
[52.985s] Level 1:colcon.colcon_core.environment:create_environment_scripts_only(turtlebot3_node)
[52.986s] DEBUG:colcon.colcon_core.event_handler.log_command:Invoked command in '/home/ram/MRT/turtle/build/turtlebot3_node' returned '0': CMAKE_PREFIX_PATH=${CMAKE_PREFIX_PATH}:/home/ram/MRT/turtle/install/turtlebot3_teleop:/home/ram/MRT/turtle/install/turtlebot3_slam_mrt:/home/ram/MRT/turtle/install/turtlebot3_example:/opt/ros/jazzy DEBUGINFOD_URLS=https://debuginfod.ubuntu.com /usr/bin/cmake --install /home/ram/MRT/turtle/build/turtlebot3_node
[52.986s] Level 1:colcon.colcon_core.environment:checking '/home/ram/MRT/turtle/install/turtlebot3_node' for CMake module files
[52.987s] Level 1:colcon.colcon_core.environment:checking '/home/ram/MRT/turtle/install/turtlebot3_node' for CMake config files
[52.988s] Level 1:colcon.colcon_core.shell:create_environment_hook('turtlebot3_node', 'cmake_prefix_path')
[52.988s] INFO:colcon.colcon_core.shell:Creating environment hook '/home/ram/MRT/turtle/install/turtlebot3_node/share/turtlebot3_node/hook/cmake_prefix_path.ps1'
[52.988s] INFO:colcon.colcon_core.shell:Creating environment descriptor '/home/ram/MRT/turtle/install/turtlebot3_node/share/turtlebot3_node/hook/cmake_prefix_path.dsv'
[52.988s] INFO:colcon.colcon_core.shell:Creating environment hook '/home/ram/MRT/turtle/install/turtlebot3_node/share/turtlebot3_node/hook/cmake_prefix_path.sh'
[52.989s] Level 1:colcon.colcon_core.environment:checking '/home/ram/MRT/turtle/install/turtlebot3_node/lib'
[52.989s] Level 1:colcon.colcon_core.environment:checking '/home/ram/MRT/turtle/install/turtlebot3_node/bin'
[52.989s] Level 1:colcon.colcon_core.environment:checking '/home/ram/MRT/turtle/install/turtlebot3_node/lib/pkgconfig/turtlebot3_node.pc'
[52.989s] Level 1:colcon.colcon_core.environment:checking '/home/ram/MRT/turtle/install/turtlebot3_node/lib/python3.12/site-packages'
[52.989s] Level 1:colcon.colcon_core.environment:checking '/home/ram/MRT/turtle/install/turtlebot3_node/bin'
[52.990s] INFO:colcon.colcon_core.shell:Creating package script '/home/ram/MRT/turtle/install/turtlebot3_node/share/turtlebot3_node/package.ps1'
[52.990s] INFO:colcon.colcon_core.shell:Creating package descriptor '/home/ram/MRT/turtle/install/turtlebot3_node/share/turtlebot3_node/package.dsv'
[52.990s] INFO:colcon.colcon_core.shell:Creating package script '/home/ram/MRT/turtle/install/turtlebot3_node/share/turtlebot3_node/package.sh'
[52.991s] INFO:colcon.colcon_core.shell:Creating package script '/home/ram/MRT/turtle/install/turtlebot3_node/share/turtlebot3_node/package.bash'
[52.991s] INFO:colcon.colcon_core.shell:Creating package script '/home/ram/MRT/turtle/install/turtlebot3_node/share/turtlebot3_node/package.zsh'
[52.991s] Level 1:colcon.colcon_core.environment:create_file_with_runtime_dependencies(/home/ram/MRT/turtle/install/turtlebot3_node/share/colcon-core/packages/turtlebot3_node)
[52.992s] Level 1:colcon.colcon_core.environment:create_environment_scripts_only(turtlebot3_node)
[52.992s] Level 1:colcon.colcon_core.environment:checking '/home/ram/MRT/turtle/install/turtlebot3_node' for CMake module files
[52.992s] Level 1:colcon.colcon_core.environment:checking '/home/ram/MRT/turtle/install/turtlebot3_node' for CMake config files
[52.992s] Level 1:colcon.colcon_core.shell:create_environment_hook('turtlebot3_node', 'cmake_prefix_path')
[52.992s] INFO:colcon.colcon_core.shell:Creating environment hook '/home/ram/MRT/turtle/install/turtlebot3_node/share/turtlebot3_node/hook/cmake_prefix_path.ps1'
[52.993s] INFO:colcon.colcon_core.shell:Creating environment descriptor '/home/ram/MRT/turtle/install/turtlebot3_node/share/turtlebot3_node/hook/cmake_prefix_path.dsv'
[52.993s] INFO:colcon.colcon_core.shell:Creating environment hook '/home/ram/MRT/turtle/install/turtlebot3_node/share/turtlebot3_node/hook/cmake_prefix_path.sh'
[52.994s] Level 1:colcon.colcon_core.environment:checking '/home/ram/MRT/turtle/install/turtlebot3_node/lib'
[52.994s] Level 1:colcon.colcon_core.environment:checking '/home/ram/MRT/turtle/install/turtlebot3_node/bin'
[52.994s] Level 1:colcon.colcon_core.environment:checking '/home/ram/MRT/turtle/install/turtlebot3_node/lib/pkgconfig/turtlebot3_node.pc'
[52.994s] Level 1:colcon.colcon_core.environment:checking '/home/ram/MRT/turtle/install/turtlebot3_node/lib/python3.12/site-packages'
[52.994s] Level 1:colcon.colcon_core.environment:checking '/home/ram/MRT/turtle/install/turtlebot3_node/bin'
[52.994s] INFO:colcon.colcon_core.shell:Creating package script '/home/ram/MRT/turtle/install/turtlebot3_node/share/turtlebot3_node/package.ps1'
[52.995s] INFO:colcon.colcon_core.shell:Creating package descriptor '/home/ram/MRT/turtle/install/turtlebot3_node/share/turtlebot3_node/package.dsv'
[52.995s] INFO:colcon.colcon_core.shell:Creating package script '/home/ram/MRT/turtle/install/turtlebot3_node/share/turtlebot3_node/package.sh'
[52.996s] INFO:colcon.colcon_core.shell:Creating package script '/home/ram/MRT/turtle/install/turtlebot3_node/share/turtlebot3_node/package.bash'
[52.996s] INFO:colcon.colcon_core.shell:Creating package script '/home/ram/MRT/turtle/install/turtlebot3_node/share/turtlebot3_node/package.zsh'
[52.996s] Level 1:colcon.colcon_core.environment:create_file_with_runtime_dependencies(/home/ram/MRT/turtle/install/turtlebot3_node/share/colcon-core/packages/turtlebot3_node)
[52.996s] INFO:colcon.colcon_ros.task.ament_cmake.build:Building ROS package in '/home/ram/MRT/turtle/src/turtlebot3/turtlebot3_bringup' with build type 'ament_cmake'
[52.996s] INFO:colcon.colcon_cmake.task.cmake.build:Building CMake package in '/home/ram/MRT/turtle/src/turtlebot3/turtlebot3_bringup'
[52.997s] INFO:colcon.colcon_core.shell:Skip shell extension 'powershell' for command environment: Not usable outside of PowerShell
[52.997s] DEBUG:colcon.colcon_core.shell:Skip shell extension 'dsv' for command environment
[53.012s] DEBUG:colcon.colcon_core.event_handler.log_command:Invoking command in '/home/ram/MRT/turtle/build/turtlebot3_bringup': CMAKE_PREFIX_PATH=/home/ram/MRT/turtle/install/turtlebot3_node:/home/ram/MRT/turtle/install/turtlebot3_description:/home/ram/MRT/turtle/install/turtlebot3:/home/ram/MRT/turtle/install/turtlebot3_simulations:/home/ram/MRT/turtle/install/turtlebot3_gazebo:/home/ram/MRT/turtle/install/turtlebot3_bringup:/home/ram/MRT/turtle/install/turtlebot3_navigation2:/home/ram/MRT/turtle/install/turtlebot3_fake_node:/home/ram/MRT/turtle/install/turtlebot3_cartographer:/opt/ros/jazzy/opt/gz_sim_vendor:/opt/ros/jazzy/opt/gz_sensors_vendor:/opt/ros/jazzy/opt/gz_physics_vendor:/opt/ros/jazzy/opt/sdformat_vendor:/opt/ros/jazzy/opt/gz_gui_vendor:/opt/ros/jazzy/opt/gz_transport_vendor:/opt/ros/jazzy/opt/gz_rendering_vendor:/opt/ros/jazzy/opt/gz_plugin_vendor:/opt/ros/jazzy/opt/gz_fuel_tools_vendor:/opt/ros/jazzy/opt/gz_msgs_vendor:/opt/ros/jazzy/opt/gz_common_vendor:/opt/ros/jazzy/opt/gz_math_vendor:/opt/ros/jazzy/opt/gz_utils_vendor:/opt/ros/jazzy/opt/gz_tools_vendor:/opt/ros/jazzy/opt/gz_ogre_next_vendor:/opt/ros/jazzy/opt/gz_dartsim_vendor:/opt/ros/jazzy/opt/gz_cmake_vendor:/home/ram/MRT/turtle/install/turtlebot3_teleop:/home/ram/MRT/turtle/install/turtlebot3_slam_mrt:/home/ram/MRT/turtle/install/turtlebot3_example:/opt/ros/jazzy DEBUGINFOD_URLS=https://debuginfod.ubuntu.com /usr/bin/cmake /home/ram/MRT/turtle/src/turtlebot3/turtlebot3_bringup -DAMENT_CMAKE_SYMLINK_INSTALL=1 -DCMAKE_INSTALL_PREFIX=/home/ram/MRT/turtle/install/turtlebot3_bringup
[54.100s] DEBUG:colcon.colcon_core.event_handler.log_command:Invoked command in '/home/ram/MRT/turtle/build/turtlebot3_bringup' returned '0': CMAKE_PREFIX_PATH=/home/ram/MRT/turtle/install/turtlebot3_node:/home/ram/MRT/turtle/install/turtlebot3_description:/home/ram/MRT/turtle/install/turtlebot3:/home/ram/MRT/turtle/install/turtlebot3_simulations:/home/ram/MRT/turtle/install/turtlebot3_gazebo:/home/ram/MRT/turtle/install/turtlebot3_bringup:/home/ram/MRT/turtle/install/turtlebot3_navigation2:/home/ram/MRT/turtle/install/turtlebot3_fake_node:/home/ram/MRT/turtle/install/turtlebot3_cartographer:/opt/ros/jazzy/opt/gz_sim_vendor:/opt/ros/jazzy/opt/gz_sensors_vendor:/opt/ros/jazzy/opt/gz_physics_vendor:/opt/ros/jazzy/opt/sdformat_vendor:/opt/ros/jazzy/opt/gz_gui_vendor:/opt/ros/jazzy/opt/gz_transport_vendor:/opt/ros/jazzy/opt/gz_rendering_vendor:/opt/ros/jazzy/opt/gz_plugin_vendor:/opt/ros/jazzy/opt/gz_fuel_tools_vendor:/opt/ros/jazzy/opt/gz_msgs_vendor:/opt/ros/jazzy/opt/gz_common_vendor:/opt/ros/jazzy/opt/gz_math_vendor:/opt/ros/jazzy/opt/gz_utils_vendor:/opt/ros/jazzy/opt/gz_tools_vendor:/opt/ros/jazzy/opt/gz_ogre_next_vendor:/opt/ros/jazzy/opt/gz_dartsim_vendor:/opt/ros/jazzy/opt/gz_cmake_vendor:/home/ram/MRT/turtle/install/turtlebot3_teleop:/home/ram/MRT/turtle/install/turtlebot3_slam_mrt:/home/ram/MRT/turtle/install/turtlebot3_example:/opt/ros/jazzy DEBUGINFOD_URLS=https://debuginfod.ubuntu.com /usr/bin/cmake /home/ram/MRT/turtle/src/turtlebot3/turtlebot3_bringup -DAMENT_CMAKE_SYMLINK_INSTALL=1 -DCMAKE_INSTALL_PREFIX=/home/ram/MRT/turtle/install/turtlebot3_bringup
[54.101s] DEBUG:colcon.colcon_core.event_handler.log_command:Invoking command in '/home/ram/MRT/turtle/build/turtlebot3_bringup': CMAKE_PREFIX_PATH=/home/ram/MRT/turtle/install/turtlebot3_node:/home/ram/MRT/turtle/install/turtlebot3_description:/home/ram/MRT/turtle/install/turtlebot3:/home/ram/MRT/turtle/install/turtlebot3_simulations:/home/ram/MRT/turtle/install/turtlebot3_gazebo:/home/ram/MRT/turtle/install/turtlebot3_bringup:/home/ram/MRT/turtle/install/turtlebot3_navigation2:/home/ram/MRT/turtle/install/turtlebot3_fake_node:/home/ram/MRT/turtle/install/turtlebot3_cartographer:/opt/ros/jazzy/opt/gz_sim_vendor:/opt/ros/jazzy/opt/gz_sensors_vendor:/opt/ros/jazzy/opt/gz_physics_vendor:/opt/ros/jazzy/opt/sdformat_vendor:/opt/ros/jazzy/opt/gz_gui_vendor:/opt/ros/jazzy/opt/gz_transport_vendor:/opt/ros/jazzy/opt/gz_rendering_vendor:/opt/ros/jazzy/opt/gz_plugin_vendor:/opt/ros/jazzy/opt/gz_fuel_tools_vendor:/opt/ros/jazzy/opt/gz_msgs_vendor:/opt/ros/jazzy/opt/gz_common_vendor:/opt/ros/jazzy/opt/gz_math_vendor:/opt/ros/jazzy/opt/gz_utils_vendor:/opt/ros/jazzy/opt/gz_tools_vendor:/opt/ros/jazzy/opt/gz_ogre_next_vendor:/opt/ros/jazzy/opt/gz_dartsim_vendor:/opt/ros/jazzy/opt/gz_cmake_vendor:/home/ram/MRT/turtle/install/turtlebot3_teleop:/home/ram/MRT/turtle/install/turtlebot3_slam_mrt:/home/ram/MRT/turtle/install/turtlebot3_example:/opt/ros/jazzy DEBUGINFOD_URLS=https://debuginfod.ubuntu.com /usr/bin/cmake --build /home/ram/MRT/turtle/build/turtlebot3_bringup -- -j12 -l12
[54.157s] DEBUG:colcon.colcon_core.event_handler.log_command:Invoked command in '/home/ram/MRT/turtle/build/turtlebot3_bringup' returned '0': CMAKE_PREFIX_PATH=/home/ram/MRT/turtle/install/turtlebot3_node:/home/ram/MRT/turtle/install/turtlebot3_description:/home/ram/MRT/turtle/install/turtlebot3:/home/ram/MRT/turtle/install/turtlebot3_simulations:/home/ram/MRT/turtle/install/turtlebot3_gazebo:/home/ram/MRT/turtle/install/turtlebot3_bringup:/home/ram/MRT/turtle/install/turtlebot3_navigation2:/home/ram/MRT/turtle/install/turtlebot3_fake_node:/home/ram/MRT/turtle/install/turtlebot3_cartographer:/opt/ros/jazzy/opt/gz_sim_vendor:/opt/ros/jazzy/opt/gz_sensors_vendor:/opt/ros/jazzy/opt/gz_physics_vendor:/opt/ros/jazzy/opt/sdformat_vendor:/opt/ros/jazzy/opt/gz_gui_vendor:/opt/ros/jazzy/opt/gz_transport_vendor:/opt/ros/jazzy/opt/gz_rendering_vendor:/opt/ros/jazzy/opt/gz_plugin_vendor:/opt/ros/jazzy/opt/gz_fuel_tools_vendor:/opt/ros/jazzy/opt/gz_msgs_vendor:/opt/ros/jazzy/opt/gz_common_vendor:/opt/ros/jazzy/opt/gz_math_vendor:/opt/ros/jazzy/opt/gz_utils_vendor:/opt/ros/jazzy/opt/gz_tools_vendor:/opt/ros/jazzy/opt/gz_ogre_next_vendor:/opt/ros/jazzy/opt/gz_dartsim_vendor:/opt/ros/jazzy/opt/gz_cmake_vendor:/home/ram/MRT/turtle/install/turtlebot3_teleop:/home/ram/MRT/turtle/install/turtlebot3_slam_mrt:/home/ram/MRT/turtle/install/turtlebot3_example:/opt/ros/jazzy DEBUGINFOD_URLS=https://debuginfod.ubuntu.com /usr/bin/cmake --build /home/ram/MRT/turtle/build/turtlebot3_bringup -- -j12 -l12
[54.159s] DEBUG:colcon.colcon_core.event_handler.log_command:Invoking command in '/home/ram/MRT/turtle/build/turtlebot3_bringup': CMAKE_PREFIX_PATH=/home/ram/MRT/turtle/install/turtlebot3_node:/home/ram/MRT/turtle/install/turtlebot3_description:/home/ram/MRT/turtle/install/turtlebot3:/home/ram/MRT/turtle/install/turtlebot3_simulations:/home/ram/MRT/turtle/install/turtlebot3_gazebo:/home/ram/MRT/turtle/install/turtlebot3_bringup:/home/ram/MRT/turtle/install/turtlebot3_navigation2:/home/ram/MRT/turtle/install/turtlebot3_fake_node:/home/ram/MRT/turtle/install/turtlebot3_cartographer:/opt/ros/jazzy/opt/gz_sim_vendor:/opt/ros/jazzy/opt/gz_sensors_vendor:/opt/ros/jazzy/opt/gz_physics_vendor:/opt/ros/jazzy/opt/sdformat_vendor:/opt/ros/jazzy/opt/gz_gui_vendor:/opt/ros/jazzy/opt/gz_transport_vendor:/opt/ros/jazzy/opt/gz_rendering_vendor:/opt/ros/jazzy/opt/gz_plugin_vendor:/opt/ros/jazzy/opt/gz_fuel_tools_vendor:/opt/ros/jazzy/opt/gz_msgs_vendor:/opt/ros/jazzy/opt/gz_common_vendor:/opt/ros/jazzy/opt/gz_math_vendor:/opt/ros/jazzy/opt/gz_utils_vendor:/opt/ros/jazzy/opt/gz_tools_vendor:/opt/ros/jazzy/opt/gz_ogre_next_vendor:/opt/ros/jazzy/opt/gz_dartsim_vendor:/opt/ros/jazzy/opt/gz_cmake_vendor:/home/ram/MRT/turtle/install/turtlebot3_teleop:/home/ram/MRT/turtle/install/turtlebot3_slam_mrt:/home/ram/MRT/turtle/install/turtlebot3_example:/opt/ros/jazzy DEBUGINFOD_URLS=https://debuginfod.ubuntu.com /usr/bin/cmake --install /home/ram/MRT/turtle/build/turtlebot3_bringup
[54.592s] Level 1:colcon.colcon_core.environment:create_environment_scripts_only(turtlebot3_bringup)
[54.593s] Level 1:colcon.colcon_core.environment:checking '/home/ram/MRT/turtle/install/turtlebot3_bringup' for CMake module files
[54.593s] DEBUG:colcon.colcon_core.event_handler.log_command:Invoked command in '/home/ram/MRT/turtle/build/turtlebot3_bringup' returned '0': CMAKE_PREFIX_PATH=/home/ram/MRT/turtle/install/turtlebot3_node:/home/ram/MRT/turtle/install/turtlebot3_description:/home/ram/MRT/turtle/install/turtlebot3:/home/ram/MRT/turtle/install/turtlebot3_simulations:/home/ram/MRT/turtle/install/turtlebot3_gazebo:/home/ram/MRT/turtle/install/turtlebot3_bringup:/home/ram/MRT/turtle/install/turtlebot3_navigation2:/home/ram/MRT/turtle/install/turtlebot3_fake_node:/home/ram/MRT/turtle/install/turtlebot3_cartographer:/opt/ros/jazzy/opt/gz_sim_vendor:/opt/ros/jazzy/opt/gz_sensors_vendor:/opt/ros/jazzy/opt/gz_physics_vendor:/opt/ros/jazzy/opt/sdformat_vendor:/opt/ros/jazzy/opt/gz_gui_vendor:/opt/ros/jazzy/opt/gz_transport_vendor:/opt/ros/jazzy/opt/gz_rendering_vendor:/opt/ros/jazzy/opt/gz_plugin_vendor:/opt/ros/jazzy/opt/gz_fuel_tools_vendor:/opt/ros/jazzy/opt/gz_msgs_vendor:/opt/ros/jazzy/opt/gz_common_vendor:/opt/ros/jazzy/opt/gz_math_vendor:/opt/ros/jazzy/opt/gz_utils_vendor:/opt/ros/jazzy/opt/gz_tools_vendor:/opt/ros/jazzy/opt/gz_ogre_next_vendor:/opt/ros/jazzy/opt/gz_dartsim_vendor:/opt/ros/jazzy/opt/gz_cmake_vendor:/home/ram/MRT/turtle/install/turtlebot3_teleop:/home/ram/MRT/turtle/install/turtlebot3_slam_mrt:/home/ram/MRT/turtle/install/turtlebot3_example:/opt/ros/jazzy DEBUGINFOD_URLS=https://debuginfod.ubuntu.com /usr/bin/cmake --install /home/ram/MRT/turtle/build/turtlebot3_bringup
[54.594s] Level 1:colcon.colcon_core.environment:checking '/home/ram/MRT/turtle/install/turtlebot3_bringup' for CMake config files
[54.595s] Level 1:colcon.colcon_core.shell:create_environment_hook('turtlebot3_bringup', 'cmake_prefix_path')
[54.595s] INFO:colcon.colcon_core.shell:Creating environment hook '/home/ram/MRT/turtle/install/turtlebot3_bringup/share/turtlebot3_bringup/hook/cmake_prefix_path.ps1'
[54.596s] INFO:colcon.colcon_core.shell:Creating environment descriptor '/home/ram/MRT/turtle/install/turtlebot3_bringup/share/turtlebot3_bringup/hook/cmake_prefix_path.dsv'
[54.596s] INFO:colcon.colcon_core.shell:Creating environment hook '/home/ram/MRT/turtle/install/turtlebot3_bringup/share/turtlebot3_bringup/hook/cmake_prefix_path.sh'
[54.597s] Level 1:colcon.colcon_core.environment:checking '/home/ram/MRT/turtle/install/turtlebot3_bringup/bin'
[54.597s] Level 1:colcon.colcon_core.environment:checking '/home/ram/MRT/turtle/install/turtlebot3_bringup/lib/pkgconfig/turtlebot3_bringup.pc'
[54.598s] Level 1:colcon.colcon_core.environment:checking '/home/ram/MRT/turtle/install/turtlebot3_bringup/lib/python3.12/site-packages'
[54.599s] Level 1:colcon.colcon_core.environment:checking '/home/ram/MRT/turtle/install/turtlebot3_bringup/bin'
[54.599s] INFO:colcon.colcon_core.shell:Creating package script '/home/ram/MRT/turtle/install/turtlebot3_bringup/share/turtlebot3_bringup/package.ps1'
[54.600s] INFO:colcon.colcon_core.shell:Creating package descriptor '/home/ram/MRT/turtle/install/turtlebot3_bringup/share/turtlebot3_bringup/package.dsv'
[54.601s] INFO:colcon.colcon_core.shell:Creating package script '/home/ram/MRT/turtle/install/turtlebot3_bringup/share/turtlebot3_bringup/package.sh'
[54.602s] INFO:colcon.colcon_core.shell:Creating package script '/home/ram/MRT/turtle/install/turtlebot3_bringup/share/turtlebot3_bringup/package.bash'
[54.602s] INFO:colcon.colcon_core.shell:Creating package script '/home/ram/MRT/turtle/install/turtlebot3_bringup/share/turtlebot3_bringup/package.zsh'
[54.603s] Level 1:colcon.colcon_core.environment:create_file_with_runtime_dependencies(/home/ram/MRT/turtle/install/turtlebot3_bringup/share/colcon-core/packages/turtlebot3_bringup)
[54.604s] Level 1:colcon.colcon_core.environment:create_environment_scripts_only(turtlebot3_bringup)
[54.604s] Level 1:colcon.colcon_core.environment:checking '/home/ram/MRT/turtle/install/turtlebot3_bringup' for CMake module files
[54.605s] Level 1:colcon.colcon_core.environment:checking '/home/ram/MRT/turtle/install/turtlebot3_bringup' for CMake config files
[54.606s] Level 1:colcon.colcon_core.shell:create_environment_hook('turtlebot3_bringup', 'cmake_prefix_path')
[54.606s] INFO:colcon.colcon_core.shell:Creating environment hook '/home/ram/MRT/turtle/install/turtlebot3_bringup/share/turtlebot3_bringup/hook/cmake_prefix_path.ps1'
[54.607s] INFO:colcon.colcon_core.shell:Creating environment descriptor '/home/ram/MRT/turtle/install/turtlebot3_bringup/share/turtlebot3_bringup/hook/cmake_prefix_path.dsv'
[54.608s] INFO:colcon.colcon_core.shell:Creating environment hook '/home/ram/MRT/turtle/install/turtlebot3_bringup/share/turtlebot3_bringup/hook/cmake_prefix_path.sh'
[54.609s] Level 1:colcon.colcon_core.environment:checking '/home/ram/MRT/turtle/install/turtlebot3_bringup/bin'
[54.609s] Level 1:colcon.colcon_core.environment:checking '/home/ram/MRT/turtle/install/turtlebot3_bringup/lib/pkgconfig/turtlebot3_bringup.pc'
[54.610s] Level 1:colcon.colcon_core.environment:checking '/home/ram/MRT/turtle/install/turtlebot3_bringup/lib/python3.12/site-packages'
[54.610s] Level 1:colcon.colcon_core.environment:checking '/home/ram/MRT/turtle/install/turtlebot3_bringup/bin'
[54.611s] INFO:colcon.colcon_core.shell:Creating package script '/home/ram/MRT/turtle/install/turtlebot3_bringup/share/turtlebot3_bringup/package.ps1'
[54.612s] INFO:colcon.colcon_core.shell:Creating package descriptor '/home/ram/MRT/turtle/install/turtlebot3_bringup/share/turtlebot3_bringup/package.dsv'
[54.613s] INFO:colcon.colcon_core.shell:Creating package script '/home/ram/MRT/turtle/install/turtlebot3_bringup/share/turtlebot3_bringup/package.sh'
[54.614s] INFO:colcon.colcon_core.shell:Creating package script '/home/ram/MRT/turtle/install/turtlebot3_bringup/share/turtlebot3_bringup/package.bash'
[54.615s] INFO:colcon.colcon_core.shell:Creating package script '/home/ram/MRT/turtle/install/turtlebot3_bringup/share/turtlebot3_bringup/package.zsh'
[54.615s] Level 1:colcon.colcon_core.environment:create_file_with_runtime_dependencies(/home/ram/MRT/turtle/install/turtlebot3_bringup/share/colcon-core/packages/turtlebot3_bringup)
[54.616s] INFO:colcon.colcon_ros.task.ament_cmake.build:Building ROS package in '/home/ram/MRT/turtle/src/turtlebot3/turtlebot3' with build type 'ament_cmake'
[54.616s] INFO:colcon.colcon_cmake.task.cmake.build:Building CMake package in '/home/ram/MRT/turtle/src/turtlebot3/turtlebot3'
[54.616s] INFO:colcon.colcon_core.shell:Skip shell extension 'powershell' for command environment: Not usable outside of PowerShell
[54.616s] DEBUG:colcon.colcon_core.shell:Skip shell extension 'dsv' for command environment
[54.650s] DEBUG:colcon.colcon_core.event_handler.log_command:Invoking command in '/home/ram/MRT/turtle/build/turtlebot3': AMENT_PREFIX_PATH=/home/ram/MRT/turtle/install/turtlebot3_teleop:/home/ram/MRT/turtle/install/turtlebot3_example:/home/ram/MRT/turtle/install/turtlebot3:/home/ram/MRT/turtle/install/turtlebot3_simulations:/home/ram/MRT/turtle/install/turtlebot3_gazebo:/home/ram/MRT/turtle/install/turtlebot3_slam_mrt:/home/ram/MRT/turtle/install/turtlebot3_bringup:/home/ram/MRT/turtle/install/turtlebot3_node:/home/ram/MRT/turtle/install/turtlebot3_navigation2:/home/ram/MRT/turtle/install/turtlebot3_fake_node:/home/ram/MRT/turtle/install/turtlebot3_description:/home/ram/MRT/turtle/install/turtlebot3_cartographer:/opt/ros/jazzy CMAKE_PREFIX_PATH=/home/ram/MRT/turtle/install/turtlebot3_bringup:/home/ram/MRT/turtle/install/turtlebot3_node:/home/ram/MRT/turtle/install/turtlebot3_navigation2:/home/ram/MRT/turtle/install/turtlebot3_description:/home/ram/MRT/turtle/install/turtlebot3_cartographer:/home/ram/MRT/turtle/install/turtlebot3:/home/ram/MRT/turtle/install/turtlebot3_simulations:/home/ram/MRT/turtle/install/turtlebot3_gazebo:/home/ram/MRT/turtle/install/turtlebot3_fake_node:/opt/ros/jazzy/opt/gz_sim_vendor:/opt/ros/jazzy/opt/gz_sensors_vendor:/opt/ros/jazzy/opt/gz_physics_vendor:/opt/ros/jazzy/opt/sdformat_vendor:/opt/ros/jazzy/opt/gz_gui_vendor:/opt/ros/jazzy/opt/gz_transport_vendor:/opt/ros/jazzy/opt/gz_rendering_vendor:/opt/ros/jazzy/opt/gz_plugin_vendor:/opt/ros/jazzy/opt/gz_fuel_tools_vendor:/opt/ros/jazzy/opt/gz_msgs_vendor:/opt/ros/jazzy/opt/gz_common_vendor:/opt/ros/jazzy/opt/gz_math_vendor:/opt/ros/jazzy/opt/gz_utils_vendor:/opt/ros/jazzy/opt/gz_tools_vendor:/opt/ros/jazzy/opt/gz_ogre_next_vendor:/opt/ros/jazzy/opt/gz_dartsim_vendor:/opt/ros/jazzy/opt/gz_cmake_vendor:/home/ram/MRT/turtle/install/turtlebot3_teleop:/home/ram/MRT/turtle/install/turtlebot3_slam_mrt:/home/ram/MRT/turtle/install/turtlebot3_example:/opt/ros/jazzy DEBUGINFOD_URLS=https://debuginfod.ubuntu.com PYTHONPATH=/home/ram/MRT/turtle/build/turtlebot3_teleop:/home/ram/MRT/turtle/install/turtlebot3_teleop/lib/python3.12/site-packages:/home/ram/MRT/turtle/build/turtlebot3_example:/home/ram/MRT/turtle/install/turtlebot3_example/lib/python3.12/site-packages:/home/ram/MRT/turtle/build/turtlebot3_slam_mrt:/home/ram/MRT/turtle/install/turtlebot3_slam_mrt/lib/python3.12/site-packages:/opt/ros/jazzy/lib/python3.12/site-packages /usr/bin/cmake /home/ram/MRT/turtle/src/turtlebot3/turtlebot3 -DAMENT_CMAKE_SYMLINK_INSTALL=1 -DCMAKE_INSTALL_PREFIX=/home/ram/MRT/turtle/install/turtlebot3
[55.702s] DEBUG:colcon.colcon_core.event_handler.log_command:Invoked command in '/home/ram/MRT/turtle/build/turtlebot3' returned '0': AMENT_PREFIX_PATH=/home/ram/MRT/turtle/install/turtlebot3_teleop:/home/ram/MRT/turtle/install/turtlebot3_example:/home/ram/MRT/turtle/install/turtlebot3:/home/ram/MRT/turtle/install/turtlebot3_simulations:/home/ram/MRT/turtle/install/turtlebot3_gazebo:/home/ram/MRT/turtle/install/turtlebot3_slam_mrt:/home/ram/MRT/turtle/install/turtlebot3_bringup:/home/ram/MRT/turtle/install/turtlebot3_node:/home/ram/MRT/turtle/install/turtlebot3_navigation2:/home/ram/MRT/turtle/install/turtlebot3_fake_node:/home/ram/MRT/turtle/install/turtlebot3_description:/home/ram/MRT/turtle/install/turtlebot3_cartographer:/opt/ros/jazzy CMAKE_PREFIX_PATH=/home/ram/MRT/turtle/install/turtlebot3_bringup:/home/ram/MRT/turtle/install/turtlebot3_node:/home/ram/MRT/turtle/install/turtlebot3_navigation2:/home/ram/MRT/turtle/install/turtlebot3_description:/home/ram/MRT/turtle/install/turtlebot3_cartographer:/home/ram/MRT/turtle/install/turtlebot3:/home/ram/MRT/turtle/install/turtlebot3_simulations:/home/ram/MRT/turtle/install/turtlebot3_gazebo:/home/ram/MRT/turtle/install/turtlebot3_fake_node:/opt/ros/jazzy/opt/gz_sim_vendor:/opt/ros/jazzy/opt/gz_sensors_vendor:/opt/ros/jazzy/opt/gz_physics_vendor:/opt/ros/jazzy/opt/sdformat_vendor:/opt/ros/jazzy/opt/gz_gui_vendor:/opt/ros/jazzy/opt/gz_transport_vendor:/opt/ros/jazzy/opt/gz_rendering_vendor:/opt/ros/jazzy/opt/gz_plugin_vendor:/opt/ros/jazzy/opt/gz_fuel_tools_vendor:/opt/ros/jazzy/opt/gz_msgs_vendor:/opt/ros/jazzy/opt/gz_common_vendor:/opt/ros/jazzy/opt/gz_math_vendor:/opt/ros/jazzy/opt/gz_utils_vendor:/opt/ros/jazzy/opt/gz_tools_vendor:/opt/ros/jazzy/opt/gz_ogre_next_vendor:/opt/ros/jazzy/opt/gz_dartsim_vendor:/opt/ros/jazzy/opt/gz_cmake_vendor:/home/ram/MRT/turtle/install/turtlebot3_teleop:/home/ram/MRT/turtle/install/turtlebot3_slam_mrt:/home/ram/MRT/turtle/install/turtlebot3_example:/opt/ros/jazzy DEBUGINFOD_URLS=https://debuginfod.ubuntu.com PYTHONPATH=/home/ram/MRT/turtle/build/turtlebot3_teleop:/home/ram/MRT/turtle/install/turtlebot3_teleop/lib/python3.12/site-packages:/home/ram/MRT/turtle/build/turtlebot3_example:/home/ram/MRT/turtle/install/turtlebot3_example/lib/python3.12/site-packages:/home/ram/MRT/turtle/build/turtlebot3_slam_mrt:/home/ram/MRT/turtle/install/turtlebot3_slam_mrt/lib/python3.12/site-packages:/opt/ros/jazzy/lib/python3.12/site-packages /usr/bin/cmake /home/ram/MRT/turtle/src/turtlebot3/turtlebot3 -DAMENT_CMAKE_SYMLINK_INSTALL=1 -DCMAKE_INSTALL_PREFIX=/home/ram/MRT/turtle/install/turtlebot3
[55.704s] DEBUG:colcon.colcon_core.event_handler.log_command:Invoking command in '/home/ram/MRT/turtle/build/turtlebot3': AMENT_PREFIX_PATH=/home/ram/MRT/turtle/install/turtlebot3_teleop:/home/ram/MRT/turtle/install/turtlebot3_example:/home/ram/MRT/turtle/install/turtlebot3:/home/ram/MRT/turtle/install/turtlebot3_simulations:/home/ram/MRT/turtle/install/turtlebot3_gazebo:/home/ram/MRT/turtle/install/turtlebot3_slam_mrt:/home/ram/MRT/turtle/install/turtlebot3_bringup:/home/ram/MRT/turtle/install/turtlebot3_node:/home/ram/MRT/turtle/install/turtlebot3_navigation2:/home/ram/MRT/turtle/install/turtlebot3_fake_node:/home/ram/MRT/turtle/install/turtlebot3_description:/home/ram/MRT/turtle/install/turtlebot3_cartographer:/opt/ros/jazzy CMAKE_PREFIX_PATH=/home/ram/MRT/turtle/install/turtlebot3_bringup:/home/ram/MRT/turtle/install/turtlebot3_node:/home/ram/MRT/turtle/install/turtlebot3_navigation2:/home/ram/MRT/turtle/install/turtlebot3_description:/home/ram/MRT/turtle/install/turtlebot3_cartographer:/home/ram/MRT/turtle/install/turtlebot3:/home/ram/MRT/turtle/install/turtlebot3_simulations:/home/ram/MRT/turtle/install/turtlebot3_gazebo:/home/ram/MRT/turtle/install/turtlebot3_fake_node:/opt/ros/jazzy/opt/gz_sim_vendor:/opt/ros/jazzy/opt/gz_sensors_vendor:/opt/ros/jazzy/opt/gz_physics_vendor:/opt/ros/jazzy/opt/sdformat_vendor:/opt/ros/jazzy/opt/gz_gui_vendor:/opt/ros/jazzy/opt/gz_transport_vendor:/opt/ros/jazzy/opt/gz_rendering_vendor:/opt/ros/jazzy/opt/gz_plugin_vendor:/opt/ros/jazzy/opt/gz_fuel_tools_vendor:/opt/ros/jazzy/opt/gz_msgs_vendor:/opt/ros/jazzy/opt/gz_common_vendor:/opt/ros/jazzy/opt/gz_math_vendor:/opt/ros/jazzy/opt/gz_utils_vendor:/opt/ros/jazzy/opt/gz_tools_vendor:/opt/ros/jazzy/opt/gz_ogre_next_vendor:/opt/ros/jazzy/opt/gz_dartsim_vendor:/opt/ros/jazzy/opt/gz_cmake_vendor:/home/ram/MRT/turtle/install/turtlebot3_teleop:/home/ram/MRT/turtle/install/turtlebot3_slam_mrt:/home/ram/MRT/turtle/install/turtlebot3_example:/opt/ros/jazzy DEBUGINFOD_URLS=https://debuginfod.ubuntu.com PYTHONPATH=/home/ram/MRT/turtle/build/turtlebot3_teleop:/home/ram/MRT/turtle/install/turtlebot3_teleop/lib/python3.12/site-packages:/home/ram/MRT/turtle/build/turtlebot3_example:/home/ram/MRT/turtle/install/turtlebot3_example/lib/python3.12/site-packages:/home/ram/MRT/turtle/build/turtlebot3_slam_mrt:/home/ram/MRT/turtle/install/turtlebot3_slam_mrt/lib/python3.12/site-packages:/opt/ros/jazzy/lib/python3.12/site-packages /usr/bin/cmake --build /home/ram/MRT/turtle/build/turtlebot3 -- -j12 -l12
[55.747s] DEBUG:colcon.colcon_core.event_handler.log_command:Invoked command in '/home/ram/MRT/turtle/build/turtlebot3' returned '0': AMENT_PREFIX_PATH=/home/ram/MRT/turtle/install/turtlebot3_teleop:/home/ram/MRT/turtle/install/turtlebot3_example:/home/ram/MRT/turtle/install/turtlebot3:/home/ram/MRT/turtle/install/turtlebot3_simulations:/home/ram/MRT/turtle/install/turtlebot3_gazebo:/home/ram/MRT/turtle/install/turtlebot3_slam_mrt:/home/ram/MRT/turtle/install/turtlebot3_bringup:/home/ram/MRT/turtle/install/turtlebot3_node:/home/ram/MRT/turtle/install/turtlebot3_navigation2:/home/ram/MRT/turtle/install/turtlebot3_fake_node:/home/ram/MRT/turtle/install/turtlebot3_description:/home/ram/MRT/turtle/install/turtlebot3_cartographer:/opt/ros/jazzy CMAKE_PREFIX_PATH=/home/ram/MRT/turtle/install/turtlebot3_bringup:/home/ram/MRT/turtle/install/turtlebot3_node:/home/ram/MRT/turtle/install/turtlebot3_navigation2:/home/ram/MRT/turtle/install/turtlebot3_description:/home/ram/MRT/turtle/install/turtlebot3_cartographer:/home/ram/MRT/turtle/install/turtlebot3:/home/ram/MRT/turtle/install/turtlebot3_simulations:/home/ram/MRT/turtle/install/turtlebot3_gazebo:/home/ram/MRT/turtle/install/turtlebot3_fake_node:/opt/ros/jazzy/opt/gz_sim_vendor:/opt/ros/jazzy/opt/gz_sensors_vendor:/opt/ros/jazzy/opt/gz_physics_vendor:/opt/ros/jazzy/opt/sdformat_vendor:/opt/ros/jazzy/opt/gz_gui_vendor:/opt/ros/jazzy/opt/gz_transport_vendor:/opt/ros/jazzy/opt/gz_rendering_vendor:/opt/ros/jazzy/opt/gz_plugin_vendor:/opt/ros/jazzy/opt/gz_fuel_tools_vendor:/opt/ros/jazzy/opt/gz_msgs_vendor:/opt/ros/jazzy/opt/gz_common_vendor:/opt/ros/jazzy/opt/gz_math_vendor:/opt/ros/jazzy/opt/gz_utils_vendor:/opt/ros/jazzy/opt/gz_tools_vendor:/opt/ros/jazzy/opt/gz_ogre_next_vendor:/opt/ros/jazzy/opt/gz_dartsim_vendor:/opt/ros/jazzy/opt/gz_cmake_vendor:/home/ram/MRT/turtle/install/turtlebot3_teleop:/home/ram/MRT/turtle/install/turtlebot3_slam_mrt:/home/ram/MRT/turtle/install/turtlebot3_example:/opt/ros/jazzy DEBUGINFOD_URLS=https://debuginfod.ubuntu.com PYTHONPATH=/home/ram/MRT/turtle/build/turtlebot3_teleop:/home/ram/MRT/turtle/install/turtlebot3_teleop/lib/python3.12/site-packages:/home/ram/MRT/turtle/build/turtlebot3_example:/home/ram/MRT/turtle/install/turtlebot3_example/lib/python3.12/site-packages:/home/ram/MRT/turtle/build/turtlebot3_slam_mrt:/home/ram/MRT/turtle/install/turtlebot3_slam_mrt/lib/python3.12/site-packages:/opt/ros/jazzy/lib/python3.12/site-packages /usr/bin/cmake --build /home/ram/MRT/turtle/build/turtlebot3 -- -j12 -l12
[55.749s] DEBUG:colcon.colcon_core.event_handler.log_command:Invoking command in '/home/ram/MRT/turtle/build/turtlebot3': AMENT_PREFIX_PATH=/home/ram/MRT/turtle/install/turtlebot3_teleop:/home/ram/MRT/turtle/install/turtlebot3_example:/home/ram/MRT/turtle/install/turtlebot3:/home/ram/MRT/turtle/install/turtlebot3_simulations:/home/ram/MRT/turtle/install/turtlebot3_gazebo:/home/ram/MRT/turtle/install/turtlebot3_slam_mrt:/home/ram/MRT/turtle/install/turtlebot3_bringup:/home/ram/MRT/turtle/install/turtlebot3_node:/home/ram/MRT/turtle/install/turtlebot3_navigation2:/home/ram/MRT/turtle/install/turtlebot3_fake_node:/home/ram/MRT/turtle/install/turtlebot3_description:/home/ram/MRT/turtle/install/turtlebot3_cartographer:/opt/ros/jazzy CMAKE_PREFIX_PATH=/home/ram/MRT/turtle/install/turtlebot3_bringup:/home/ram/MRT/turtle/install/turtlebot3_node:/home/ram/MRT/turtle/install/turtlebot3_navigation2:/home/ram/MRT/turtle/install/turtlebot3_description:/home/ram/MRT/turtle/install/turtlebot3_cartographer:/home/ram/MRT/turtle/install/turtlebot3:/home/ram/MRT/turtle/install/turtlebot3_simulations:/home/ram/MRT/turtle/install/turtlebot3_gazebo:/home/ram/MRT/turtle/install/turtlebot3_fake_node:/opt/ros/jazzy/opt/gz_sim_vendor:/opt/ros/jazzy/opt/gz_sensors_vendor:/opt/ros/jazzy/opt/gz_physics_vendor:/opt/ros/jazzy/opt/sdformat_vendor:/opt/ros/jazzy/opt/gz_gui_vendor:/opt/ros/jazzy/opt/gz_transport_vendor:/opt/ros/jazzy/opt/gz_rendering_vendor:/opt/ros/jazzy/opt/gz_plugin_vendor:/opt/ros/jazzy/opt/gz_fuel_tools_vendor:/opt/ros/jazzy/opt/gz_msgs_vendor:/opt/ros/jazzy/opt/gz_common_vendor:/opt/ros/jazzy/opt/gz_math_vendor:/opt/ros/jazzy/opt/gz_utils_vendor:/opt/ros/jazzy/opt/gz_tools_vendor:/opt/ros/jazzy/opt/gz_ogre_next_vendor:/opt/ros/jazzy/opt/gz_dartsim_vendor:/opt/ros/jazzy/opt/gz_cmake_vendor:/home/ram/MRT/turtle/install/turtlebot3_teleop:/home/ram/MRT/turtle/install/turtlebot3_slam_mrt:/home/ram/MRT/turtle/install/turtlebot3_example:/opt/ros/jazzy DEBUGINFOD_URLS=https://debuginfod.ubuntu.com PYTHONPATH=/home/ram/MRT/turtle/build/turtlebot3_teleop:/home/ram/MRT/turtle/install/turtlebot3_teleop/lib/python3.12/site-packages:/home/ram/MRT/turtle/build/turtlebot3_example:/home/ram/MRT/turtle/install/turtlebot3_example/lib/python3.12/site-packages:/home/ram/MRT/turtle/build/turtlebot3_slam_mrt:/home/ram/MRT/turtle/install/turtlebot3_slam_mrt/lib/python3.12/site-packages:/opt/ros/jazzy/lib/python3.12/site-packages /usr/bin/cmake --install /home/ram/MRT/turtle/build/turtlebot3
[55.985s] Level 1:colcon.colcon_core.environment:create_environment_scripts_only(turtlebot3)
[55.985s] Level 1:colcon.colcon_core.environment:checking '/home/ram/MRT/turtle/install/turtlebot3' for CMake module files
[55.986s] DEBUG:colcon.colcon_core.event_handler.log_command:Invoked command in '/home/ram/MRT/turtle/build/turtlebot3' returned '0': AMENT_PREFIX_PATH=/home/ram/MRT/turtle/install/turtlebot3_teleop:/home/ram/MRT/turtle/install/turtlebot3_example:/home/ram/MRT/turtle/install/turtlebot3:/home/ram/MRT/turtle/install/turtlebot3_simulations:/home/ram/MRT/turtle/install/turtlebot3_gazebo:/home/ram/MRT/turtle/install/turtlebot3_slam_mrt:/home/ram/MRT/turtle/install/turtlebot3_bringup:/home/ram/MRT/turtle/install/turtlebot3_node:/home/ram/MRT/turtle/install/turtlebot3_navigation2:/home/ram/MRT/turtle/install/turtlebot3_fake_node:/home/ram/MRT/turtle/install/turtlebot3_description:/home/ram/MRT/turtle/install/turtlebot3_cartographer:/opt/ros/jazzy CMAKE_PREFIX_PATH=/home/ram/MRT/turtle/install/turtlebot3_bringup:/home/ram/MRT/turtle/install/turtlebot3_node:/home/ram/MRT/turtle/install/turtlebot3_navigation2:/home/ram/MRT/turtle/install/turtlebot3_description:/home/ram/MRT/turtle/install/turtlebot3_cartographer:/home/ram/MRT/turtle/install/turtlebot3:/home/ram/MRT/turtle/install/turtlebot3_simulations:/home/ram/MRT/turtle/install/turtlebot3_gazebo:/home/ram/MRT/turtle/install/turtlebot3_fake_node:/opt/ros/jazzy/opt/gz_sim_vendor:/opt/ros/jazzy/opt/gz_sensors_vendor:/opt/ros/jazzy/opt/gz_physics_vendor:/opt/ros/jazzy/opt/sdformat_vendor:/opt/ros/jazzy/opt/gz_gui_vendor:/opt/ros/jazzy/opt/gz_transport_vendor:/opt/ros/jazzy/opt/gz_rendering_vendor:/opt/ros/jazzy/opt/gz_plugin_vendor:/opt/ros/jazzy/opt/gz_fuel_tools_vendor:/opt/ros/jazzy/opt/gz_msgs_vendor:/opt/ros/jazzy/opt/gz_common_vendor:/opt/ros/jazzy/opt/gz_math_vendor:/opt/ros/jazzy/opt/gz_utils_vendor:/opt/ros/jazzy/opt/gz_tools_vendor:/opt/ros/jazzy/opt/gz_ogre_next_vendor:/opt/ros/jazzy/opt/gz_dartsim_vendor:/opt/ros/jazzy/opt/gz_cmake_vendor:/home/ram/MRT/turtle/install/turtlebot3_teleop:/home/ram/MRT/turtle/install/turtlebot3_slam_mrt:/home/ram/MRT/turtle/install/turtlebot3_example:/opt/ros/jazzy DEBUGINFOD_URLS=https://debuginfod.ubuntu.com PYTHONPATH=/home/ram/MRT/turtle/build/turtlebot3_teleop:/home/ram/MRT/turtle/install/turtlebot3_teleop/lib/python3.12/site-packages:/home/ram/MRT/turtle/build/turtlebot3_example:/home/ram/MRT/turtle/install/turtlebot3_example/lib/python3.12/site-packages:/home/ram/MRT/turtle/build/turtlebot3_slam_mrt:/home/ram/MRT/turtle/install/turtlebot3_slam_mrt/lib/python3.12/site-packages:/opt/ros/jazzy/lib/python3.12/site-packages /usr/bin/cmake --install /home/ram/MRT/turtle/build/turtlebot3
[55.987s] Level 1:colcon.colcon_core.environment:checking '/home/ram/MRT/turtle/install/turtlebot3' for CMake config files
[55.987s] Level 1:colcon.colcon_core.shell:create_environment_hook('turtlebot3', 'cmake_prefix_path')
[55.988s] INFO:colcon.colcon_core.shell:Creating environment hook '/home/ram/MRT/turtle/install/turtlebot3/share/turtlebot3/hook/cmake_prefix_path.ps1'
[55.989s] INFO:colcon.colcon_core.shell:Creating environment descriptor '/home/ram/MRT/turtle/install/turtlebot3/share/turtlebot3/hook/cmake_prefix_path.dsv'
[55.989s] INFO:colcon.colcon_core.shell:Creating environment hook '/home/ram/MRT/turtle/install/turtlebot3/share/turtlebot3/hook/cmake_prefix_path.sh'
[55.991s] Level 1:colcon.colcon_core.environment:checking '/home/ram/MRT/turtle/install/turtlebot3/bin'
[55.991s] Level 1:colcon.colcon_core.environment:checking '/home/ram/MRT/turtle/install/turtlebot3/lib/pkgconfig/turtlebot3.pc'
[55.991s] Level 1:colcon.colcon_core.environment:checking '/home/ram/MRT/turtle/install/turtlebot3/lib/python3.12/site-packages'
[55.992s] Level 1:colcon.colcon_core.environment:checking '/home/ram/MRT/turtle/install/turtlebot3/bin'
[55.992s] INFO:colcon.colcon_core.shell:Creating package script '/home/ram/MRT/turtle/install/turtlebot3/share/turtlebot3/package.ps1'
[55.994s] INFO:colcon.colcon_core.shell:Creating package descriptor '/home/ram/MRT/turtle/install/turtlebot3/share/turtlebot3/package.dsv'
[55.994s] INFO:colcon.colcon_core.shell:Creating package script '/home/ram/MRT/turtle/install/turtlebot3/share/turtlebot3/package.sh'
[55.995s] INFO:colcon.colcon_core.shell:Creating package script '/home/ram/MRT/turtle/install/turtlebot3/share/turtlebot3/package.bash'
[55.996s] INFO:colcon.colcon_core.shell:Creating package script '/home/ram/MRT/turtle/install/turtlebot3/share/turtlebot3/package.zsh'
[55.996s] Level 1:colcon.colcon_core.environment:create_file_with_runtime_dependencies(/home/ram/MRT/turtle/install/turtlebot3/share/colcon-core/packages/turtlebot3)
[55.998s] Level 1:colcon.colcon_core.environment:create_environment_scripts_only(turtlebot3)
[55.998s] Level 1:colcon.colcon_core.environment:checking '/home/ram/MRT/turtle/install/turtlebot3' for CMake module files
[55.999s] Level 1:colcon.colcon_core.environment:checking '/home/ram/MRT/turtle/install/turtlebot3' for CMake config files
[56.000s] Level 1:colcon.colcon_core.shell:create_environment_hook('turtlebot3', 'cmake_prefix_path')
[56.000s] INFO:colcon.colcon_core.shell:Creating environment hook '/home/ram/MRT/turtle/install/turtlebot3/share/turtlebot3/hook/cmake_prefix_path.ps1'
[56.001s] INFO:colcon.colcon_core.shell:Creating environment descriptor '/home/ram/MRT/turtle/install/turtlebot3/share/turtlebot3/hook/cmake_prefix_path.dsv'
[56.001s] INFO:colcon.colcon_core.shell:Creating environment hook '/home/ram/MRT/turtle/install/turtlebot3/share/turtlebot3/hook/cmake_prefix_path.sh'
[56.002s] Level 1:colcon.colcon_core.environment:checking '/home/ram/MRT/turtle/install/turtlebot3/bin'
[56.003s] Level 1:colcon.colcon_core.environment:checking '/home/ram/MRT/turtle/install/turtlebot3/lib/pkgconfig/turtlebot3.pc'
[56.003s] Level 1:colcon.colcon_core.environment:checking '/home/ram/MRT/turtle/install/turtlebot3/lib/python3.12/site-packages'
[56.004s] Level 1:colcon.colcon_core.environment:checking '/home/ram/MRT/turtle/install/turtlebot3/bin'
[56.004s] INFO:colcon.colcon_core.shell:Creating package script '/home/ram/MRT/turtle/install/turtlebot3/share/turtlebot3/package.ps1'
[56.006s] INFO:colcon.colcon_core.shell:Creating package descriptor '/home/ram/MRT/turtle/install/turtlebot3/share/turtlebot3/package.dsv'
[56.006s] INFO:colcon.colcon_core.shell:Creating package script '/home/ram/MRT/turtle/install/turtlebot3/share/turtlebot3/package.sh'
[56.007s] INFO:colcon.colcon_core.shell:Creating package script '/home/ram/MRT/turtle/install/turtlebot3/share/turtlebot3/package.bash'
[56.008s] INFO:colcon.colcon_core.shell:Creating package script '/home/ram/MRT/turtle/install/turtlebot3/share/turtlebot3/package.zsh'
[56.009s] Level 1:colcon.colcon_core.environment:create_file_with_runtime_dependencies(/home/ram/MRT/turtle/install/turtlebot3/share/colcon-core/packages/turtlebot3)
[56.009s] DEBUG:colcon.colcon_parallel_executor.executor.parallel:closing loop
[56.010s] DEBUG:colcon.colcon_parallel_executor.executor.parallel:loop closed
[56.010s] DEBUG:colcon.colcon_parallel_executor.executor.parallel:run_until_complete finished with '0'
[56.010s] DEBUG:colcon.colcon_core.event_reactor:joining thread
[56.024s] INFO:colcon.colcon_core.plugin_system:Skipping extension 'colcon_notification.desktop_notification.terminal_notifier': Not used on non-Darwin systems
[56.024s] INFO:colcon.colcon_core.plugin_system:Skipping extension 'colcon_notification.desktop_notification.win32': Not used on non-Windows systems
[56.024s] INFO:colcon.colcon_notification.desktop_notification:Sending desktop notification using 'notify2'
[56.042s] DEBUG:colcon.colcon_core.event_reactor:joined thread
[56.043s] INFO:colcon.colcon_core.shell:Creating prefix script '/home/ram/MRT/turtle/install/local_setup.ps1'
[56.045s] INFO:colcon.colcon_core.shell:Creating prefix util module '/home/ram/MRT/turtle/install/_local_setup_util_ps1.py'
[56.047s] INFO:colcon.colcon_core.shell:Creating prefix chain script '/home/ram/MRT/turtle/install/setup.ps1'
[56.050s] INFO:colcon.colcon_core.shell:Creating prefix script '/home/ram/MRT/turtle/install/local_setup.sh'
[56.051s] INFO:colcon.colcon_core.shell:Creating prefix util module '/home/ram/MRT/turtle/install/_local_setup_util_sh.py'
[56.053s] INFO:colcon.colcon_core.shell:Creating prefix chain script '/home/ram/MRT/turtle/install/setup.sh'
[56.054s] INFO:colcon.colcon_core.shell:Creating prefix script '/home/ram/MRT/turtle/install/local_setup.bash'
[56.054s] INFO:colcon.colcon_core.shell:Creating prefix chain script '/home/ram/MRT/turtle/install/setup.bash'
[56.055s] INFO:colcon.colcon_core.shell:Creating prefix script '/home/ram/MRT/turtle/install/local_setup.zsh'
[56.056s] INFO:colcon.colcon_core.shell:Creating prefix chain script '/home/ram/MRT/turtle/install/setup.zsh'
